trial,Agent1_choice,Agent2_choice,left_v1,right_v2,feedback,alpha,tau
1,0,0,0.5,0.5,1,0,0.01
2,1,0,0.5,0.5,0,0,0.01
3,0,0,0.5,0.5,1,0,0.01
4,0,1,0.5,0.5,0,0,0.01
5,0,1,0.5,0.5,0,0,0.01
6,0,1,0.5,0.5,0,0,0.01
7,0,0,0.5,0.5,1,0,0.01
8,1,1,0.5,0.5,1,0,0.01
9,1,1,0.5,0.5,1,0,0.01
10,1,0,0.5,0.5,0,0,0.01
11,0,1,0.5,0.5,0,0,0.01
12,0,1,0.5,0.5,0,0,0.01
13,0,1,0.5,0.5,0,0,0.01
14,1,1,0.5,0.5,1,0,0.01
15,0,0,0.5,0.5,1,0,0.01
16,0,0,0.5,0.5,1,0,0.01
17,0,1,0.5,0.5,0,0,0.01
18,0,1,0.5,0.5,0,0,0.01
19,1,0,0.5,0.5,0,0,0.01
20,0,1,0.5,0.5,0,0,0.01
21,0,0,0.5,0.5,1,0,0.01
22,0,0,0.5,0.5,1,0,0.01
23,1,1,0.5,0.5,1,0,0.01
24,0,1,0.5,0.5,0,0,0.01
25,1,1,0.5,0.5,1,0,0.01
26,1,1,0.5,0.5,1,0,0.01
27,1,1,0.5,0.5,1,0,0.01
28,0,1,0.5,0.5,0,0,0.01
29,1,1,0.5,0.5,1,0,0.01
30,1,1,0.5,0.5,1,0,0.01
1,0,1,0.5,0.5,0,0.1,0.01
2,0,1,0.45,0.5,0,0.1,0.01
3,1,1,0.405,0.5,1,0.1,0.01
4,1,0,0.405,0.55,0,0.1,0.01
5,1,0,0.405,0.49500000000000005,0,0.1,0.01
6,0,1,0.405,0.44550000000000006,0,0.1,0.01
7,1,1,0.36450000000000005,0.44550000000000006,1,0.1,0.01
8,0,1,0.36450000000000005,0.50095,0,0.1,0.01
9,1,1,0.32805000000000006,0.50095,1,0.1,0.01
10,1,1,0.32805000000000006,0.550855,1,0.1,0.01
11,0,0,0.32805000000000006,0.5957695,1,0.1,0.01
12,0,1,0.39524500000000007,0.5957695,0,0.1,0.01
13,0,1,0.35572050000000005,0.5957695,0,0.1,0.01
14,1,1,0.32014845000000003,0.5957695,1,0.1,0.01
15,1,1,0.32014845000000003,0.63619255,1,0.1,0.01
16,0,1,0.32014845000000003,0.672573295,0,0.1,0.01
17,1,1,0.288133605,0.672573295,1,0.1,0.01
18,0,0,0.288133605,0.7053159655,1,0.1,0.01
19,0,1,0.3593202445,0.7053159655,0,0.1,0.01
20,1,0,0.32338822005,0.7053159655,0,0.1,0.01
21,1,0,0.32338822005,0.63478436895,0,0.1,0.01
22,0,1,0.32338822005,0.571305932055,0,0.1,0.01
23,0,1,0.291049398045,0.571305932055,0,0.1,0.01
24,0,1,0.2619444582405,0.571305932055,0,0.1,0.01
25,0,1,0.23575001241645,0.571305932055,0,0.1,0.01
26,0,1,0.212175011174805,0.571305932055,0,0.1,0.01
27,0,1,0.1909575100573245,0.571305932055,0,0.1,0.01
28,1,1,0.17186175905159207,0.571305932055,1,0.1,0.01
29,0,1,0.17186175905159207,0.6141753388495,0,0.1,0.01
30,0,0,0.15467558314643287,0.6141753388495,0,0.1,0.01
1,1,1,0.5,0.5,1,0.2,0.01
2,1,1,0.5,0.6,1,0.2,0.01
3,1,0,0.5,0.6799999999999999,0,0.2,0.01
4,1,0,0.5,0.5439999999999999,0,0.2,0.01
5,1,1,0.5,0.4351999999999999,1,0.2,0.01
6,1,1,0.5,0.54816,1,0.2,0.01
7,1,0,0.5,0.638528,0,0.2,0.01
8,1,0,0.5,0.5108224,0,0.2,0.01
9,0,1,0.5,0.40865792,0,0.2,0.01
10,1,1,0.4,0.40865792,1,0.2,0.01
11,1,1,0.4,0.526926336,1,0.2,0.01
12,0,1,0.4,0.6215410688,0,0.2,0.01
13,0,1,0.32,0.6215410688,0,0.2,0.01
14,0,1,0.256,0.6215410688,0,0.2,0.01
15,1,1,0.2048,0.6215410688,1,0.2,0.01
16,1,1,0.2048,0.69723285504,1,0.2,0.01
17,1,1,0.2048,0.757786284032,1,0.2,0.01
18,0,1,0.2048,0.8062290272256,0,0.2,0.01
19,0,1,0.16384,0.8062290272256,0,0.2,0.01
20,0,1,0.13107200000000002,0.8062290272256,0,0.2,0.01
21,1,1,0.10485760000000002,0.8062290272256,1,0.2,0.01
22,1,1,0.10485760000000002,0.84498322178048,1,0.2,0.01
23,0,1,0.10485760000000002,0.875986577424384,0,0.2,0.01
24,0,0,0.08388608000000002,0.875986577424384,1,0.2,0.01
25,0,0,0.26710886400000006,0.875986577424384,1,0.2,0.01
26,0,1,0.4136870912,0.875986577424384,0,0.2,0.01
27,0,0,0.33094967296,0.875986577424384,1,0.2,0.01
28,0,1,0.464759738368,0.875986577424384,0,0.2,0.01
29,1,1,0.3718077906944,0.875986577424384,1,0.2,0.01
30,1,1,0.3718077906944,0.9007892619395073,1,0.2,0.01
1,0,1,0.5,0.5,0,0.30000000000000004,0.01
2,0,1,0.35,0.5,0,0.30000000000000004,0.01
3,1,1,0.24499999999999997,0.5,1,0.30000000000000004,0.01
4,0,1,0.24499999999999997,0.65,0,0.30000000000000004,0.01
5,1,1,0.17149999999999999,0.65,1,0.30000000000000004,0.01
6,0,1,0.17149999999999999,0.755,0,0.30000000000000004,0.01
7,1,1,0.12004999999999999,0.755,1,0.30000000000000004,0.01
8,1,1,0.12004999999999999,0.8285,1,0.30000000000000004,0.01
9,0,1,0.12004999999999999,0.87995,0,0.30000000000000004,0.01
10,1,1,0.08403499999999998,0.87995,1,0.30000000000000004,0.01
11,1,1,0.08403499999999998,0.915965,1,0.30000000000000004,0.01
12,0,1,0.08403499999999998,0.9411755,0,0.30000000000000004,0.01
13,0,1,0.05882449999999999,0.9411755,0,0.30000000000000004,0.01
14,0,1,0.04117714999999999,0.9411755,0,0.30000000000000004,0.01
15,1,1,0.028824004999999993,0.9411755,1,0.30000000000000004,0.01
16,1,1,0.028824004999999993,0.95882285,1,0.30000000000000004,0.01
17,0,1,0.028824004999999993,0.971175995,0,0.30000000000000004,0.01
18,0,1,0.020176803499999993,0.971175995,0,0.30000000000000004,0.01
19,1,0,0.014123762449999994,0.971175995,0,0.30000000000000004,0.01
20,1,0,0.014123762449999994,0.6798231964999999,0,0.30000000000000004,0.01
21,1,1,0.014123762449999994,0.47587623754999986,1,0.30000000000000004,0.01
22,1,0,0.014123762449999994,0.6331133662849999,0,0.30000000000000004,0.01
23,0,1,0.014123762449999994,0.4431793563994999,0,0.30000000000000004,0.01
24,0,0,0.009886633714999996,0.4431793563994999,1,0.30000000000000004,0.01
25,1,1,0.30692064360050003,0.4431793563994999,1,0.30000000000000004,0.01
26,1,0,0.30692064360050003,0.61022554947965,0,0.30000000000000004,0.01
27,1,1,0.30692064360050003,0.427157884635755,1,0.30000000000000004,0.01
28,1,1,0.30692064360050003,0.5990105192450286,1,0.30000000000000004,0.01
29,0,0,0.30692064360050003,0.71930736347152,1,0.30000000000000004,0.01
30,0,1,0.51484445052035,0.71930736347152,1,0.30000000000000004,0.01
1,1,0,0.5,0.5,0,0.4,0.01
2,0,0,0.5,0.3,1,0.4,0.01
3,0,0,0.7,0.3,1,0.4,0.01
4,1,1,0.82,0.3,1,0.4,0.01
5,0,0,0.82,0.58,1,0.4,0.01
6,1,1,0.892,0.58,1,0.4,0.01
7,1,1,0.892,0.748,1,0.4,0.01
8,0,1,0.892,0.8488,0,0.4,0.01
9,0,1,0.5352,0.8488,0,0.4,0.01
10,1,0,0.32111999999999996,0.8488,0,0.4,0.01
11,1,0,0.32111999999999996,0.50928,0,0.4,0.01
12,1,0,0.32111999999999996,0.30556799999999995,0,0.4,0.01
13,0,0,0.32111999999999996,0.18334079999999997,1,0.4,0.01
14,1,0,0.592672,0.18334079999999997,0,0.4,0.01
15,1,1,0.592672,0.11000447999999997,1,0.4,0.01
16,0,0,0.592672,0.466002688,1,0.4,0.01
17,1,1,0.7556032,0.466002688,1,0.4,0.01
18,0,0,0.7556032,0.6796016128,1,0.4,0.01
19,1,1,0.85336192,0.6796016128,1,0.4,0.01
20,1,1,0.85336192,0.8077609676799999,1,0.4,0.01
21,1,1,0.85336192,0.884656580608,1,0.4,0.01
22,1,1,0.85336192,0.9307939483648,1,0.4,0.01
23,0,1,0.85336192,0.95847636901888,0,0.4,0.01
24,1,0,0.512017152,0.95847636901888,0,0.4,0.01
25,1,0,0.512017152,0.5750858214113279,0,0.4,0.01
26,0,1,0.512017152,0.3450514928467967,0,0.4,0.01
27,1,1,0.3072102912,0.3450514928467967,1,0.4,0.01
28,1,0,0.3072102912,0.6070308957080781,0,0.4,0.01
29,1,1,0.3072102912,0.3642185374248469,1,0.4,0.01
30,1,0,0.3072102912,0.6185311224549082,1,0.4,0.01
1,0,1,0.5,0.5,0,0.5,0.01
2,1,1,0.25,0.5,1,0.5,0.01
3,0,1,0.25,0.75,0,0.5,0.01
4,0,0,0.125,0.75,1,0.5,0.01
5,0,1,0.5625,0.75,0,0.5,0.01
6,0,0,0.28125,0.75,1,0.5,0.01
7,0,1,0.640625,0.75,0,0.5,0.01
8,1,1,0.3203125,0.75,1,0.5,0.01
9,0,1,0.3203125,0.875,0,0.5,0.01
10,1,1,0.16015625,0.875,1,0.5,0.01
11,0,1,0.16015625,0.9375,0,0.5,0.01
12,1,1,0.080078125,0.9375,1,0.5,0.01
13,0,1,0.080078125,0.96875,0,0.5,0.01
14,0,1,0.0400390625,0.96875,0,0.5,0.01
15,0,0,0.02001953125,0.96875,1,0.5,0.01
16,1,1,0.510009765625,0.96875,1,0.5,0.01
17,1,1,0.510009765625,0.984375,1,0.5,0.01
18,0,1,0.510009765625,0.9921875,0,0.5,0.01
19,1,1,0.2550048828125,0.9921875,1,0.5,0.01
20,0,1,0.2550048828125,0.99609375,0,0.5,0.01
21,1,1,0.12750244140625,0.99609375,1,0.5,0.01
22,0,1,0.12750244140625,0.998046875,0,0.5,0.01
23,0,1,0.063751220703125,0.998046875,0,0.5,0.01
24,0,1,0.0318756103515625,0.998046875,0,0.5,0.01
25,0,1,0.01593780517578125,0.998046875,0,0.5,0.01
26,1,0,0.007968902587890625,0.998046875,0,0.5,0.01
27,0,0,0.007968902587890625,0.4990234375,1,0.5,0.01
28,1,0,0.5039844512939453,0.4990234375,0,0.5,0.01
29,0,0,0.5039844512939453,0.24951171875,1,0.5,0.01
30,1,1,0.7519922256469727,0.24951171875,1,0.5,0.01
1,0,1,0.5,0.5,0,0.6000000000000001,0.01
2,0,0,0.19999999999999996,0.5,1,0.6000000000000001,0.01
3,0,1,0.68,0.5,0,0.6000000000000001,0.01
4,0,0,0.27199999999999996,0.5,1,0.6000000000000001,0.01
5,1,0,0.7088000000000001,0.5,0,0.6000000000000001,0.01
6,1,1,0.7088000000000001,0.19999999999999996,1,0.6000000000000001,0.01
7,1,0,0.7088000000000001,0.68,0,0.6000000000000001,0.01
8,0,1,0.7088000000000001,0.27199999999999996,0,0.6000000000000001,0.01
9,0,1,0.28352,0.27199999999999996,0,0.6000000000000001,0.01
10,0,1,0.11340799999999998,0.27199999999999996,0,0.6000000000000001,0.01
11,1,1,0.04536319999999998,0.27199999999999996,1,0.6000000000000001,0.01
12,1,1,0.04536319999999998,0.7088000000000001,1,0.6000000000000001,0.01
13,1,1,0.04536319999999998,0.8835200000000001,1,0.6000000000000001,0.01
14,0,1,0.04536319999999998,0.953408,0,0.6000000000000001,0.01
15,0,0,0.018145279999999986,0.953408,1,0.6000000000000001,0.01
16,1,1,0.607258112,0.953408,1,0.6000000000000001,0.01
17,1,1,0.607258112,0.9813632,1,0.6000000000000001,0.01
18,0,1,0.607258112,0.99254528,0,0.6000000000000001,0.01
19,1,0,0.24290324479999997,0.99254528,0,0.6000000000000001,0.01
20,0,1,0.24290324479999997,0.3970181119999999,0,0.6000000000000001,0.01
21,1,1,0.09716129791999997,0.3970181119999999,1,0.6000000000000001,0.01
22,1,1,0.09716129791999997,0.7588072448000001,1,0.6000000000000001,0.01
23,0,1,0.09716129791999997,0.9035228979200001,0,0.6000000000000001,0.01
24,1,1,0.03886451916799998,0.9035228979200001,1,0.6000000000000001,0.01
25,1,0,0.03886451916799998,0.9614091591680001,0,0.6000000000000001,0.01
26,1,0,0.03886451916799998,0.38456366366719996,0,0.6000000000000001,0.01
27,1,1,0.03886451916799998,0.15382546546687995,1,0.6000000000000001,0.01
28,0,1,0.03886451916799998,0.6615301861867521,0,0.6000000000000001,0.01
29,0,1,0.015545807667199988,0.6615301861867521,0,0.6000000000000001,0.01
30,1,1,0.006218323066879994,0.6615301861867521,0,0.6000000000000001,0.01
1,1,1,0.5,0.5,1,0.7000000000000001,0.01
2,0,1,0.5,0.8500000000000001,0,0.7000000000000001,0.01
3,0,1,0.14999999999999997,0.8500000000000001,0,0.7000000000000001,0.01
4,0,1,0.044999999999999984,0.8500000000000001,0,0.7000000000000001,0.01
5,0,1,0.013499999999999991,0.8500000000000001,0,0.7000000000000001,0.01
6,1,0,0.004049999999999996,0.8500000000000001,0,0.7000000000000001,0.01
7,0,1,0.004049999999999996,0.255,0,0.7000000000000001,0.01
8,0,0,0.0012149999999999986,0.255,1,0.7000000000000001,0.01
9,0,0,0.7003645000000001,0.255,1,0.7000000000000001,0.01
10,1,1,0.91010935,0.255,1,0.7000000000000001,0.01
11,1,0,0.91010935,0.7765000000000001,0,0.7000000000000001,0.01
12,0,1,0.91010935,0.23295,0,0.7000000000000001,0.01
13,0,1,0.27303280499999993,0.23295,0,0.7000000000000001,0.01
14,1,1,0.08190984149999997,0.23295,1,0.7000000000000001,0.01
15,0,1,0.08190984149999997,0.769885,0,0.7000000000000001,0.01
16,1,1,0.024572952449999984,0.769885,1,0.7000000000000001,0.01
17,0,1,0.024572952449999984,0.9309655,0,0.7000000000000001,0.01
18,1,0,0.007371885734999993,0.9309655,0,0.7000000000000001,0.01
19,1,0,0.007371885734999993,0.27928964999999994,0,0.7000000000000001,0.01
20,1,1,0.007371885734999993,0.08378689499999997,1,0.7000000000000001,0.01
21,1,1,0.007371885734999993,0.7251360685000001,1,0.7000000000000001,0.01
22,1,0,0.007371885734999993,0.9175408205500001,0,0.7000000000000001,0.01
23,1,1,0.007371885734999993,0.27526224616499995,1,0.7000000000000001,0.01
24,0,0,0.007371885734999993,0.7825786738495001,1,0.7000000000000001,0.01
25,0,1,0.7022115657205,0.7825786738495001,0,0.7000000000000001,0.01
26,0,1,0.21066346971614996,0.7825786738495001,0,0.7000000000000001,0.01
27,1,1,0.06319904091484496,0.7825786738495001,1,0.7000000000000001,0.01
28,1,0,0.06319904091484496,0.9347736021548501,0,0.7000000000000001,0.01
29,1,1,0.06319904091484496,0.280432080646455,1,0.7000000000000001,0.01
30,0,1,0.06319904091484496,0.7841296241939365,1,0.7000000000000001,0.01
1,0,1,0.5,0.5,0,0.8,0.01
2,1,1,0.09999999999999998,0.5,1,0.8,0.01
3,0,1,0.09999999999999998,0.9,0,0.8,0.01
4,1,0,0.01999999999999999,0.9,0,0.8,0.01
5,0,0,0.01999999999999999,0.17999999999999994,1,0.8,0.01
6,1,0,0.804,0.17999999999999994,0,0.8,0.01
7,0,1,0.804,0.035999999999999976,0,0.8,0.01
8,1,1,0.16079999999999994,0.035999999999999976,1,0.8,0.01
9,1,1,0.16079999999999994,0.8071999999999999,1,0.8,0.01
10,0,1,0.16079999999999994,0.96144,0,0.8,0.01
11,1,0,0.032159999999999994,0.96144,0,0.8,0.01
12,1,0,0.032159999999999994,0.1922879999999999,0,0.8,0.01
13,1,0,0.032159999999999994,0.03845759999999998,0,0.8,0.01
14,1,1,0.032159999999999994,0.007691519999999993,1,0.8,0.01
15,0,0,0.032159999999999994,0.801538304,1,0.8,0.01
16,1,0,0.806432,0.801538304,0,0.8,0.01
17,1,1,0.806432,0.16030766079999992,1,0.8,0.01
18,0,1,0.806432,0.83206153216,0,0.8,0.01
19,1,1,0.16128639999999994,0.83206153216,1,0.8,0.01
20,1,1,0.16128639999999994,0.966412306432,1,0.8,0.01
21,0,1,0.16128639999999994,0.9932824612864,0,0.8,0.01
22,0,1,0.03225727999999997,0.9932824612864,0,0.8,0.01
23,1,0,0.006451455999999994,0.9932824612864,0,0.8,0.01
24,1,1,0.006451455999999994,0.19865649225728,1,0.8,0.01
25,1,1,0.006451455999999994,0.839731298451456,1,0.8,0.01
26,1,0,0.006451455999999994,0.9679462596902912,0,0.8,0.01
27,0,1,0.006451455999999994,0.1935892519380582,0,0.8,0.01
28,0,1,0.0012902911999999982,0.1935892519380582,0,0.8,0.01
29,0,0,2.580582399999995e-4,0.1935892519380582,1,0.8,0.01
30,0,1,0.8000516116480001,0.1935892519380582,1,0.8,0.01
1,1,1,0.5,0.5,1,0.9,0.01
2,1,0,0.5,0.95,0,0.9,0.01
3,1,1,0.5,0.09499999999999997,1,0.9,0.01
4,1,1,0.5,0.9095,1,0.9,0.01
5,1,1,0.5,0.99095,1,0.9,0.01
6,1,1,0.5,0.999095,1,0.9,0.01
7,0,0,0.5,0.9999095,1,0.9,0.01
8,0,0,0.95,0.9999095,1,0.9,0.01
9,1,1,0.995,0.9999095,1,0.9,0.01
10,0,0,0.995,0.99999095,1,0.9,0.01
11,1,0,0.9995,0.99999095,0,0.9,0.01
12,1,1,0.9995,0.09999909500000004,1,0.9,0.01
13,0,1,0.9995,0.9099999095,0,0.9,0.01
14,0,1,0.09994999999999998,0.9099999095,0,0.9,0.01
15,1,1,0.00999499999999999,0.9099999095,1,0.9,0.01
16,0,1,0.00999499999999999,0.99099999095,0,0.9,0.01
17,1,1,9.994999999999987e-4,0.99099999095,1,0.9,0.01
18,0,1,9.994999999999987e-4,0.999099999095,0,0.9,0.01
19,1,1,9.99499999999998e-5,0.999099999095,1,0.9,0.01
20,0,1,9.99499999999998e-5,0.9999099999095,0,0.9,0.01
21,1,1,9.994999999999975e-6,0.9999099999095,1,0.9,0.01
22,0,0,9.994999999999975e-6,0.99999099999095,1,0.9,0.01
23,1,0,0.9000009995,0.99999099999095,0,0.9,0.01
24,0,0,0.9000009995,0.09999909999909495,1,0.9,0.01
25,1,1,0.99000009995,0.09999909999909495,1,0.9,0.01
26,0,1,0.99000009995,0.9099999099999095,0,0.9,0.01
27,1,1,0.09900000999500003,0.9099999099999095,1,0.9,0.01
28,0,1,0.09900000999500003,0.9909999909999909,0,0.9,0.01
29,0,0,0.009900000999500003,0.9909999909999909,1,0.9,0.01
30,1,1,0.90099000009995,0.9909999909999909,1,0.9,0.01
1,0,1,0.5,0.5,0,1,0.01
2,1,1,0,0.5,1,1,0.01
3,0,1,0,1,0,1,0.01
4,1,1,0,1,1,1,0.01
5,0,1,0,1,0,1,0.01
6,1,0,0,1,0,1,0.01
7,1,1,0,0,1,1,0.01
8,0,1,0,1,0,1,0.01
9,1,1,0,1,1,1,0.01
10,1,1,0,1,1,1,0.01
11,0,1,0,1,0,1,0.01
12,1,0,0,1,0,1,0.01
13,1,0,0,0,0,1,0.01
14,0,0,0,0,1,1,0.01
15,1,1,1,0,1,1,0.01
16,1,0,1,1,0,1,0.01
17,1,1,1,0,1,1,0.01
18,1,1,1,1,1,1,0.01
19,1,1,1,1,1,1,0.01
20,0,0,1,1,1,1,0.01
21,0,1,1,1,0,1,0.01
22,0,0,0,1,1,1,0.01
23,0,1,1,1,0,1,0.01
24,0,0,0,1,1,1,0.01
25,1,1,1,1,1,1,0.01
26,0,0,1,1,1,1,0.01
27,1,0,1,1,0,1,0.01
28,0,0,1,0,1,1,0.01
29,1,1,1,0,1,1,0.01
30,1,1,1,1,1,1,0.01
1,0,1,0.5,0.5,0,0,0.5
2,1,1,0.5,0.5,1,0,0.5
3,1,1,0.5,0.5,1,0,0.5
4,1,1,0.5,0.5,1,0,0.5
5,1,0,0.5,0.5,0,0,0.5
6,1,1,0.5,0.5,1,0,0.5
7,1,1,0.5,0.5,1,0,0.5
8,0,1,0.5,0.5,0,0,0.5
9,1,1,0.5,0.5,1,0,0.5
10,1,0,0.5,0.5,0,0,0.5
11,1,0,0.5,0.5,0,0,0.5
12,0,1,0.5,0.5,0,0,0.5
13,1,1,0.5,0.5,1,0,0.5
14,1,0,0.5,0.5,0,0,0.5
15,1,1,0.5,0.5,1,0,0.5
16,1,0,0.5,0.5,0,0,0.5
17,0,0,0.5,0.5,1,0,0.5
18,1,1,0.5,0.5,1,0,0.5
19,0,0,0.5,0.5,1,0,0.5
20,0,1,0.5,0.5,0,0,0.5
21,0,1,0.5,0.5,0,0,0.5
22,1,1,0.5,0.5,1,0,0.5
23,1,1,0.5,0.5,1,0,0.5
24,1,1,0.5,0.5,1,0,0.5
25,1,1,0.5,0.5,1,0,0.5
26,1,1,0.5,0.5,1,0,0.5
27,1,0,0.5,0.5,0,0,0.5
28,1,0,0.5,0.5,0,0,0.5
29,1,1,0.5,0.5,1,0,0.5
30,1,1,0.5,0.5,1,0,0.5
1,1,1,0.5,0.5,1,0.1,0.5
2,1,1,0.5,0.55,1,0.1,0.5
3,1,1,0.5,0.5950000000000001,1,0.1,0.5
4,0,1,0.5,0.6355000000000001,0,0.1,0.5
5,1,1,0.45,0.6355000000000001,1,0.1,0.5
6,1,0,0.45,0.67195,0,0.1,0.5
7,0,1,0.45,0.604755,0,0.1,0.5
8,0,1,0.405,0.604755,0,0.1,0.5
9,0,1,0.36450000000000005,0.604755,0,0.1,0.5
10,1,0,0.32805000000000006,0.604755,0,0.1,0.5
11,1,0,0.32805000000000006,0.5442795,0,0.1,0.5
12,1,1,0.32805000000000006,0.48985155,1,0.1,0.5
13,1,1,0.32805000000000006,0.540866395,1,0.1,0.5
14,1,0,0.32805000000000006,0.58677975550000006,0,0.1,0.5
15,1,0,0.32805000000000006,0.5281017799500001,0,0.1,0.5
16,0,0,0.32805000000000006,0.4752916019550001,1,0.1,0.5
17,1,1,0.39524500000000007,0.4752916019550001,1,0.1,0.5
18,0,1,0.39524500000000007,0.5277624417595,0,0.1,0.5
19,0,0,0.35572050000000005,0.5277624417595,1,0.1,0.5
20,1,1,0.42014845000000006,0.5277624417595,1,0.1,0.5
21,0,1,0.42014845000000006,0.5749861975835501,0,0.1,0.5
22,0,1,0.37813360500000004,0.5749861975835501,0,0.1,0.5
23,1,1,0.34032024450000004,0.5749861975835501,1,0.1,0.5
24,0,1,0.34032024450000004,0.617487577825195,0,0.1,0.5
25,0,0,0.30628822005,0.617487577825195,1,0.1,0.5
26,1,0,0.37565939804500004,0.617487577825195,0,0.1,0.5
27,0,1,0.37565939804500004,0.5557388200426755,0,0.1,0.5
28,0,0,0.3380934582405,0.5557388200426755,1,0.1,0.5
29,0,1,0.40428411241645,0.5557388200426755,0,0.1,0.5
30,0,1,0.36385570117480504,0.5557388200426755,0,0.1,0.5
1,0,0,0.5,0.5,1,0.2,0.5
2,0,0,0.6,0.5,1,0.2,0.5
3,0,1,0.6799999999999999,0.5,0,0.2,0.5
4,0,1,0.5439999999999999,0.5,0,0.2,0.5
5,0,1,0.4351999999999999,0.5,0,0.2,0.5
6,1,1,0.3481599999999999,0.5,1,0.2,0.5
7,1,1,0.3481599999999999,0.6,1,0.2,0.5
8,0,1,0.3481599999999999,0.6799999999999999,0,0.2,0.5
9,1,1,0.27852799999999994,0.6799999999999999,1,0.2,0.5
10,0,1,0.27852799999999994,0.744,0,0.2,0.5
11,0,1,0.22282239999999995,0.744,0,0.2,0.5
12,0,1,0.17825791999999996,0.744,0,0.2,0.5
13,1,1,0.14260633599999997,0.744,1,0.2,0.5
14,0,0,0.14260633599999997,0.7952,1,0.2,0.5
15,1,1,0.3140850688,0.7952,1,0.2,0.5
16,0,1,0.3140850688,0.83616,0,0.2,0.5
17,1,1,0.25126805504,0.83616,1,0.2,0.5
18,0,0,0.25126805504,0.868928,1,0.2,0.5
19,0,1,0.40101444403200004,0.868928,0,0.2,0.5
20,0,0,0.3208115552256,0.868928,1,0.2,0.5
21,0,1,0.45664924418048003,0.868928,0,0.2,0.5
22,1,1,0.365319395344384,0.868928,1,0.2,0.5
23,0,1,0.365319395344384,0.8951424,0,0.2,0.5
24,0,0,0.2922555162755072,0.8951424,1,0.2,0.5
25,1,1,0.4338044130204058,0.8951424,1,0.2,0.5
26,0,1,0.4338044130204058,0.91611392,0,0.2,0.5
27,0,1,0.34704353041632463,0.91611392,0,0.2,0.5
28,0,0,0.2776348243330597,0.91611392,1,0.2,0.5
29,0,1,0.42210785946644774,0.91611392,0,0.2,0.5
30,1,1,0.3376862875731582,0.91611392,0,0.2,0.5
1,0,0,0.5,0.5,1,0.30000000000000004,0.5
2,1,1,0.65,0.5,1,0.30000000000000004,0.5
3,0,0,0.65,0.65,1,0.30000000000000004,0.5
4,1,1,0.755,0.65,1,0.30000000000000004,0.5
5,1,1,0.755,0.755,1,0.30000000000000004,0.5
6,1,1,0.755,0.8285,1,0.30000000000000004,0.5
7,1,0,0.755,0.87995,0,0.30000000000000004,0.5
8,1,0,0.755,0.615965,0,0.30000000000000004,0.5
9,1,1,0.755,0.43117549999999993,1,0.30000000000000004,0.5
10,0,1,0.755,0.60182285,0,0.30000000000000004,0.5
11,0,1,0.5285,0.60182285,0,0.30000000000000004,0.5
12,1,0,0.36994999999999995,0.60182285,0,0.30000000000000004,0.5
13,1,1,0.36994999999999995,0.421275995,1,0.30000000000000004,0.5
14,0,1,0.36994999999999995,0.5948931965,0,0.30000000000000004,0.5
15,1,1,0.25896499999999995,0.5948931965,1,0.30000000000000004,0.5
16,1,0,0.25896499999999995,0.7164252375500001,0,0.30000000000000004,0.5
17,1,0,0.25896499999999995,0.501497666285,0,0.30000000000000004,0.5
18,0,1,0.25896499999999995,0.3510483663995,0,0.30000000000000004,0.5
19,0,1,0.18127549999999995,0.3510483663995,0,0.30000000000000004,0.5
20,1,0,0.12689284999999995,0.3510483663995,0,0.30000000000000004,0.5
21,1,1,0.12689284999999995,0.24573385647964996,1,0.30000000000000004,0.5
22,0,1,0.12689284999999995,0.472013699535755,0,0.30000000000000004,0.5
23,0,1,0.08882499499999996,0.472013699535755,0,0.30000000000000004,0.5
24,1,0,0.06217749649999997,0.472013699535755,0,0.30000000000000004,0.5
25,0,1,0.06217749649999997,0.3304095896750285,0,0.30000000000000004,0.5
26,0,0,0.04352424754999998,0.3304095896750285,1,0.30000000000000004,0.5
27,1,0,0.3304669732850001,0.3304095896750285,0,0.30000000000000004,0.5
28,1,0,0.3304669732850001,0.23128671277251994,0,0.30000000000000004,0.5
29,0,1,0.3304669732850001,0.16190069894076395,0,0.30000000000000004,0.5
30,1,1,0.23132688129950002,0.16190069894076395,0,0.30000000000000004,0.5
1,1,1,0.5,0.5,1,0.4,0.5
2,0,1,0.5,0.7,0,0.4,0.5
3,0,1,0.3,0.7,0,0.4,0.5
4,1,0,0.18,0.7,0,0.4,0.5
5,1,1,0.18,0.42,1,0.4,0.5
6,0,1,0.18,0.652,0,0.4,0.5
7,1,1,0.108,0.652,1,0.4,0.5
8,0,0,0.108,0.7912,1,0.4,0.5
9,0,1,0.4648,0.7912,0,0.4,0.5
10,1,0,0.27888,0.7912,0,0.4,0.5
11,1,1,0.27888,0.47472,1,0.4,0.5
12,0,0,0.27888,0.684832,1,0.4,0.5
13,0,1,0.567328,0.684832,0,0.4,0.5
14,1,1,0.34039680000000005,0.684832,1,0.4,0.5
15,1,1,0.34039680000000005,0.8108992,1,0.4,0.5
16,1,1,0.34039680000000005,0.88653952,1,0.4,0.5
17,1,0,0.34039680000000005,0.931923712,0,0.4,0.5
18,1,0,0.34039680000000005,0.5591542272,0,0.4,0.5
19,1,1,0.34039680000000005,0.33549253632,1,0.4,0.5
20,1,1,0.34039680000000005,0.601295521792,1,0.4,0.5
21,1,0,0.34039680000000005,0.7607773130752,0,0.4,0.5
22,1,0,0.34039680000000005,0.45646638784512,0,0.4,0.5
23,0,1,0.34039680000000005,0.273879832707072,0,0.4,0.5
24,1,1,0.20423808000000002,0.273879832707072,1,0.4,0.5
25,1,1,0.20423808000000002,0.5643278996242432,1,0.4,0.5
26,1,0,0.20423808000000002,0.738596739774546,0,0.4,0.5
27,1,0,0.20423808000000002,0.44315804386472757,0,0.4,0.5
28,1,1,0.20423808000000002,0.26589482631883654,1,0.4,0.5
29,1,0,0.20423808000000002,0.559536895791302,0,0.4,0.5
30,1,0,0.20423808000000002,0.3357221374747812,0,0.4,0.5
1,0,0,0.5,0.5,1,0.5,0.5
2,0,1,0.75,0.5,0,0.5,0.5
3,1,1,0.375,0.5,1,0.5,0.5
4,0,0,0.375,0.75,1,0.5,0.5
5,1,0,0.6875,0.75,0,0.5,0.5
6,1,1,0.6875,0.375,1,0.5,0.5
7,0,0,0.6875,0.6875,1,0.5,0.5
8,0,0,0.84375,0.6875,1,0.5,0.5
9,1,1,0.921875,0.6875,1,0.5,0.5
10,0,1,0.921875,0.84375,0,0.5,0.5
11,0,1,0.4609375,0.84375,0,0.5,0.5
12,1,0,0.23046875,0.84375,0,0.5,0.5
13,0,1,0.23046875,0.421875,0,0.5,0.5
14,0,1,0.115234375,0.421875,0,0.5,0.5
15,0,1,0.0576171875,0.421875,0,0.5,0.5
16,0,1,0.02880859375,0.421875,0,0.5,0.5
17,1,0,0.014404296875,0.421875,0,0.5,0.5
18,0,1,0.014404296875,0.2109375,0,0.5,0.5
19,1,1,0.0072021484375,0.2109375,1,0.5,0.5
20,0,1,0.0072021484375,0.60546875,0,0.5,0.5
21,1,0,0.00360107421875,0.60546875,0,0.5,0.5
22,0,0,0.00360107421875,0.302734375,1,0.5,0.5
23,0,1,0.501800537109375,0.302734375,0,0.5,0.5
24,0,1,0.2509002685546875,0.302734375,0,0.5,0.5
25,1,1,0.12545013427734375,0.302734375,1,0.5,0.5
26,1,1,0.12545013427734375,0.6513671875,1,0.5,0.5
27,0,0,0.12545013427734375,0.82568359375,1,0.5,0.5
28,1,1,0.5627250671386719,0.82568359375,1,0.5,0.5
29,1,1,0.5627250671386719,0.912841796875,1,0.5,0.5
30,1,0,0.5627250671386719,0.9564208984375,1,0.5,0.5
1,0,1,0.5,0.5,0,0.6000000000000001,0.5
2,1,0,0.19999999999999996,0.5,0,0.6000000000000001,0.5
3,1,1,0.19999999999999996,0.19999999999999996,1,0.6000000000000001,0.5
4,1,1,0.19999999999999996,0.68,1,0.6000000000000001,0.5
5,0,1,0.19999999999999996,0.8720000000000001,0,0.6000000000000001,0.5
6,1,1,0.07999999999999996,0.8720000000000001,1,0.6000000000000001,0.5
7,1,0,0.07999999999999996,0.9488000000000001,0,0.6000000000000001,0.5
8,0,1,0.07999999999999996,0.37951999999999997,0,0.6000000000000001,0.5
9,0,1,0.03199999999999998,0.37951999999999997,0,0.6000000000000001,0.5
10,0,1,0.012799999999999988,0.37951999999999997,0,0.6000000000000001,0.5
11,0,0,0.005119999999999994,0.37951999999999997,1,0.6000000000000001,0.5
12,0,1,0.6020480000000001,0.37951999999999997,0,0.6000000000000001,0.5
13,0,1,0.2408192,0.37951999999999997,0,0.6000000000000001,0.5
14,1,1,0.09632767999999997,0.37951999999999997,1,0.6000000000000001,0.5
15,1,1,0.09632767999999997,0.751808,1,0.6000000000000001,0.5
16,1,1,0.09632767999999997,0.9007232000000001,1,0.6000000000000001,0.5
17,1,1,0.09632767999999997,0.96028928,1,0.6000000000000001,0.5
18,1,1,0.09632767999999997,0.984115712,1,0.6000000000000001,0.5
19,1,0,0.09632767999999997,0.9936462848000001,0,0.6000000000000001,0.5
20,1,1,0.09632767999999997,0.39745851392,1,0.6000000000000001,0.5
21,0,1,0.09632767999999997,0.758983405568,0,0.6000000000000001,0.5
22,0,0,0.03853107199999998,0.758983405568,1,0.6000000000000001,0.5
23,1,1,0.6154124288,0.758983405568,1,0.6000000000000001,0.5
24,1,0,0.6154124288,0.9035933622272001,0,0.6000000000000001,0.5
25,0,1,0.6154124288,0.36143734489088,0,0.6000000000000001,0.5
26,0,1,0.24616497151999994,0.36143734489088,0,0.6000000000000001,0.5
27,0,1,0.09846598860799996,0.36143734489088,0,0.6000000000000001,0.5
28,0,1,0.039386395443199974,0.36143734489088,0,0.6000000000000001,0.5
29,1,0,0.015754558177279988,0.36143734489088,0,0.6000000000000001,0.5
30,1,1,0.015754558177279988,0.14457493795635196,0,0.6000000000000001,0.5
1,1,1,0.5,0.5,1,0.7000000000000001,0.5
2,1,1,0.5,0.8500000000000001,1,0.7000000000000001,0.5
3,1,1,0.5,0.9550000000000001,1,0.7000000000000001,0.5
4,0,0,0.5,0.9865,1,0.7000000000000001,0.5
5,0,1,0.8500000000000001,0.9865,0,0.7000000000000001,0.5
6,1,0,0.255,0.9865,0,0.7000000000000001,0.5
7,1,0,0.255,0.29594999999999994,0,0.7000000000000001,0.5
8,0,0,0.255,0.08878499999999995,1,0.7000000000000001,0.5
9,1,0,0.7765000000000001,0.08878499999999995,0,0.7000000000000001,0.5
10,1,1,0.7765000000000001,0.02663549999999998,1,0.7000000000000001,0.5
11,1,1,0.7765000000000001,0.7079906499999999,1,0.7000000000000001,0.5
12,0,1,0.7765000000000001,0.912397195,0,0.7000000000000001,0.5
13,1,0,0.23295,0.912397195,0,0.7000000000000001,0.5
14,1,1,0.23295,0.27371915849999995,1,0.7000000000000001,0.5
15,1,0,0.23295,0.78211574755,0,0.7000000000000001,0.5
16,1,0,0.23295,0.23463472426499998,0,0.7000000000000001,0.5
17,1,1,0.23295,0.07039041727949999,1,0.7000000000000001,0.5
18,1,1,0.23295,0.7211171251838501,1,0.7000000000000001,0.5
19,0,0,0.23295,0.916335137555155,1,0.7000000000000001,0.5
20,0,1,0.769885,0.916335137555155,0,0.7000000000000001,0.5
21,0,1,0.23096549999999993,0.916335137555155,0,0.7000000000000001,0.5
22,0,0,0.06928964999999995,0.916335137555155,1,0.7000000000000001,0.5
23,1,1,0.720786895,0.916335137555155,1,0.7000000000000001,0.5
24,0,1,0.720786895,0.9749005412665466,0,0.7000000000000001,0.5
25,0,1,0.2162360685,0.9749005412665466,0,0.7000000000000001,0.5
26,0,0,0.06487082054999999,0.9749005412665466,1,0.7000000000000001,0.5
27,1,0,0.7194612461650001,0.9749005412665466,0,0.7000000000000001,0.5
28,0,1,0.7194612461650001,0.2924701623799639,0,0.7000000000000001,0.5
29,1,1,0.2158383738495,0.2924701623799639,1,0.7000000000000001,0.5
30,0,1,0.2158383738495,0.7877410487139892,1,0.7000000000000001,0.5
1,1,0,0.5,0.5,0,0.8,0.5
2,1,1,0.5,0.09999999999999998,1,0.8,0.5
3,0,1,0.5,0.8200000000000001,0,0.8,0.5
4,0,0,0.09999999999999998,0.8200000000000001,1,0.8,0.5
5,0,1,0.8200000000000001,0.8200000000000001,0,0.8,0.5
6,1,1,0.16399999999999992,0.8200000000000001,1,0.8,0.5
7,1,1,0.16399999999999992,0.964,1,0.8,0.5
8,1,0,0.16399999999999992,0.9928,0,0.8,0.5
9,0,1,0.16399999999999992,0.19855999999999996,0,0.8,0.5
10,1,0,0.03279999999999997,0.19855999999999996,0,0.8,0.5
11,0,0,0.03279999999999997,0.03971199999999997,1,0.8,0.5
12,0,1,0.80656,0.03971199999999997,0,0.8,0.5
13,0,1,0.161312,0.03971199999999997,0,0.8,0.5
14,0,0,0.0322624,0.03971199999999997,1,0.8,0.5
15,0,1,0.80645248,0.03971199999999997,0,0.8,0.5
16,1,1,0.161290496,0.03971199999999997,1,0.8,0.5
17,0,0,0.161290496,0.8079424000000001,1,0.8,0.5
18,0,1,0.8322580992,0.8079424000000001,0,0.8,0.5
19,0,1,0.16645161984,0.8079424000000001,0,0.8,0.5
20,1,0,0.033290323967999996,0.8079424000000001,0,0.8,0.5
21,0,1,0.033290323967999996,0.16158847999999992,0,0.8,0.5
22,1,1,0.0066580647935999965,0.16158847999999992,1,0.8,0.5
23,1,1,0.0066580647935999965,0.832317696,1,0.8,0.5
24,1,1,0.0066580647935999965,0.9664635392,1,0.8,0.5
25,1,1,0.0066580647935999965,0.99329270784,1,0.8,0.5
26,0,0,0.0066580647935999965,0.998658541568,1,0.8,0.5
27,1,0,0.80133161295872,0.998658541568,0,0.8,0.5
28,1,0,0.80133161295872,0.1997317083136,0,0.8,0.5
29,1,1,0.80133161295872,0.039946341662719986,1,0.8,0.5
30,0,1,0.80133161295872,0.807989268332544,1,0.8,0.5
1,0,1,0.5,0.5,0,0.9,0.5
2,0,0,0.04999999999999999,0.5,1,0.9,0.5
3,0,1,0.905,0.5,0,0.9,0.5
4,0,0,0.09050000000000002,0.5,1,0.9,0.5
5,1,0,0.90905,0.5,0,0.9,0.5
6,0,0,0.90905,0.04999999999999999,1,0.9,0.5
7,0,1,0.990905,0.04999999999999999,0,0.9,0.5
8,0,0,0.09909049999999997,0.04999999999999999,1,0.9,0.5
9,0,1,0.90990905,0.04999999999999999,0,0.9,0.5
10,1,1,0.09099090499999996,0.04999999999999999,1,0.9,0.5
11,0,0,0.09099090499999996,0.905,1,0.9,0.5
12,0,1,0.9090990905,0.905,0,0.9,0.5
13,1,1,0.09090990904999996,0.905,1,0.9,0.5
14,1,1,0.09090990904999996,0.9905,1,0.9,0.5
15,1,0,0.09090990904999996,0.99905,0,0.9,0.5
16,1,0,0.09090990904999996,0.09990500000000002,0,0.9,0.5
17,0,0,0.09090990904999996,0.0099905,1,0.9,0.5
18,0,1,0.909090990905,0.0099905,0,0.9,0.5
19,0,1,0.09090909909049993,0.0099905,0,0.9,0.5
20,1,1,0.009090909909049996,0.0099905,1,0.9,0.5
21,0,1,0.009090909909049996,0.90099905,0,0.9,0.5
22,1,1,9.09090990905e-4,0.90099905,1,0.9,0.5
23,1,1,9.09090990905e-4,0.990099905,1,0.9,0.5
24,0,1,9.09090990905e-4,0.9990099905000001,0,0.9,0.5
25,0,1,9.090909909049993e-5,0.9990099905000001,0,0.9,0.5
26,0,1,9.090909909049985e-6,0.9990099905000001,0,0.9,0.5
27,1,1,9.090909909049988e-7,0.9990099905000001,1,0.9,0.5
28,0,1,9.090909909049988e-7,0.99990099905,0,0.9,0.5
29,0,0,9.090909909049988e-8,0.99990099905,1,0.9,0.5
30,0,1,0.9000000090909099,0.99990099905,1,0.9,0.5
1,1,1,0.5,0.5,1,1,0.5
2,0,1,0.5,1,0,1,0.5
3,0,1,0,1,0,1,0.5
4,0,1,0,1,0,1,0.5
5,1,0,0,1,0,1,0.5
6,0,0,0,0,1,1,0.5
7,1,1,1,0,1,1,0.5
8,0,1,1,1,0,1,0.5
9,0,1,0,1,0,1,0.5
10,1,0,0,1,0,1,0.5
11,1,1,0,0,1,1,0.5
12,1,1,0,1,1,1,0.5
13,1,1,0,1,1,1,0.5
14,1,0,0,1,0,1,0.5
15,0,0,0,0,1,1,0.5
16,0,1,1,0,0,1,0.5
17,0,1,0,0,0,1,0.5
18,1,1,0,0,1,1,0.5
19,1,0,0,1,0,1,0.5
20,0,1,0,0,0,1,0.5
21,1,1,0,0,1,1,0.5
22,0,1,0,1,0,1,0.5
23,0,1,0,1,0,1,0.5
24,0,0,0,1,1,1,0.5
25,0,1,1,1,0,1,0.5
26,1,1,0,1,1,1,0.5
27,0,1,0,1,0,1,0.5
28,0,1,0,1,0,1,0.5
29,1,0,0,1,0,1,0.5
30,0,1,0,0,0,1,0.5
1,0,0,0.5,0.5,1,0,1
2,0,1,0.5,0.5,0,0,1
3,0,0,0.5,0.5,1,0,1
4,1,1,0.5,0.5,1,0,1
5,1,1,0.5,0.5,1,0,1
6,0,1,0.5,0.5,0,0,1
7,1,0,0.5,0.5,0,0,1
8,0,0,0.5,0.5,1,0,1
9,0,1,0.5,0.5,0,0,1
10,1,0,0.5,0.5,0,0,1
11,1,1,0.5,0.5,1,0,1
12,1,1,0.5,0.5,1,0,1
13,1,0,0.5,0.5,0,0,1
14,0,1,0.5,0.5,0,0,1
15,0,1,0.5,0.5,0,0,1
16,0,0,0.5,0.5,1,0,1
17,1,0,0.5,0.5,0,0,1
18,1,0,0.5,0.5,0,0,1
19,0,0,0.5,0.5,1,0,1
20,0,1,0.5,0.5,0,0,1
21,1,1,0.5,0.5,1,0,1
22,0,1,0.5,0.5,0,0,1
23,1,0,0.5,0.5,0,0,1
24,0,1,0.5,0.5,0,0,1
25,0,0,0.5,0.5,1,0,1
26,0,1,0.5,0.5,0,0,1
27,1,0,0.5,0.5,0,0,1
28,0,1,0.5,0.5,0,0,1
29,1,1,0.5,0.5,1,0,1
30,0,1,0.5,0.5,1,0,1
1,0,1,0.5,0.5,0,0.1,1
2,1,1,0.45,0.5,1,0.1,1
3,0,1,0.45,0.55,0,0.1,1
4,0,1,0.405,0.55,0,0.1,1
5,0,1,0.36450000000000005,0.55,0,0.1,1
6,0,1,0.32805000000000006,0.55,0,0.1,1
7,1,1,0.29524500000000004,0.55,1,0.1,1
8,1,0,0.29524500000000004,0.5950000000000001,0,0.1,1
9,1,1,0.29524500000000004,0.5355000000000001,1,0.1,1
10,1,1,0.29524500000000004,0.5819500000000001,1,0.1,1
11,0,1,0.29524500000000004,0.6237550000000001,0,0.1,1
12,1,0,0.2657205,0.6237550000000001,0,0.1,1
13,1,1,0.2657205,0.5613795,1,0.1,1
14,1,1,0.2657205,0.60524155,1,0.1,1
15,0,1,0.2657205,0.644717395,0,0.1,1
16,1,1,0.23914845,0.644717395,1,0.1,1
17,0,0,0.23914845,0.6802456555,1,0.1,1
18,0,1,0.31523360500000003,0.6802456555,0,0.1,1
19,0,1,0.28371024450000004,0.6802456555,0,0.1,1
20,1,1,0.25533922005000004,0.6802456555,1,0.1,1
21,1,1,0.25533922005000004,0.71222108995,1,0.1,1
22,1,0,0.25533922005000004,0.7409989809549999,0,0.1,1
23,0,1,0.25533922005000004,0.6668990828595,0,0.1,1
24,1,1,0.22980529804500002,0.6668990828595,1,0.1,1
25,1,1,0.22980529804500002,0.7002091745735499,1,0.1,1
26,0,1,0.22980529804500002,0.730188257116195,0,0.1,1
27,0,1,0.20682476824050003,0.730188257116195,0,0.1,1
28,1,0,0.18614229141645003,0.730188257116195,0,0.1,1
29,1,0,0.18614229141645003,0.6571694314045755,0,0.1,1
30,1,1,0.18614229141645003,0.591452488264118,0,0.1,1
1,1,1,0.5,0.5,1,0.2,1
2,0,1,0.5,0.6,0,0.2,1
3,1,1,0.4,0.6,1,0.2,1
4,1,1,0.4,0.6799999999999999,1,0.2,1
5,1,1,0.4,0.744,1,0.2,1
6,1,1,0.4,0.7952,1,0.2,1
7,1,1,0.4,0.83616,1,0.2,1
8,1,1,0.4,0.868928,1,0.2,1
9,1,1,0.4,0.8951424,1,0.2,1
10,1,1,0.4,0.91611392,1,0.2,1
11,0,0,0.4,0.9328911360000001,1,0.2,1
12,1,1,0.52,0.9328911360000001,1,0.2,1
13,1,1,0.52,0.9463129088000001,1,0.2,1
14,0,1,0.52,0.95705032704,0,0.2,1
15,1,0,0.41600000000000004,0.95705032704,0,0.2,1
16,0,0,0.41600000000000004,0.765640261632,1,0.2,1
17,1,1,0.5328,0.765640261632,1,0.2,1
18,1,1,0.5328,0.8125122093056001,1,0.2,1
19,1,0,0.5328,0.8500097674444801,0,0.2,1
20,0,1,0.5328,0.6800078139555841,0,0.2,1
21,1,0,0.42624000000000006,0.6800078139555841,0,0.2,1
22,1,1,0.42624000000000006,0.5440062511644672,1,0.2,1
23,1,0,0.42624000000000006,0.6352050009315737,0,0.2,1
24,0,1,0.42624000000000006,0.508164000745259,0,0.2,1
25,1,0,0.3409920000000001,0.508164000745259,0,0.2,1
26,0,1,0.3409920000000001,0.40653120059620723,0,0.2,1
27,1,1,0.2727936000000001,0.40653120059620723,1,0.2,1
28,1,1,0.2727936000000001,0.5252249604769658,1,0.2,1
29,1,0,0.2727936000000001,0.6201799683815726,0,0.2,1
30,1,1,0.2727936000000001,0.4961439747052581,0,0.2,1
1,1,0,0.5,0.5,0,0.30000000000000004,1
2,0,1,0.5,0.35,0,0.30000000000000004,1
3,0,0,0.35,0.35,1,0.30000000000000004,1
4,1,1,0.545,0.35,1,0.30000000000000004,1
5,0,1,0.545,0.545,0,0.30000000000000004,1
6,0,1,0.3815,0.545,0,0.30000000000000004,1
7,1,1,0.26705,0.545,1,0.30000000000000004,1
8,0,1,0.26705,0.6815,0,0.30000000000000004,1
9,1,0,0.186935,0.6815,0,0.30000000000000004,1
10,0,0,0.186935,0.47705,1,0.30000000000000004,1
11,0,1,0.43085450000000003,0.47705,0,0.30000000000000004,1
12,0,0,0.30159815,0.47705,1,0.30000000000000004,1
13,1,1,0.511118705,0.47705,1,0.30000000000000004,1
14,0,1,0.511118705,0.633935,0,0.30000000000000004,1
15,1,1,0.3577830935,0.633935,1,0.30000000000000004,1
16,0,1,0.3577830935,0.7437545000000001,0,0.30000000000000004,1
17,1,1,0.25044816545,0.7437545000000001,1,0.30000000000000004,1
18,1,1,0.25044816545,0.8206281500000001,1,0.30000000000000004,1
19,1,1,0.25044816545,0.8744397050000001,1,0.30000000000000004,1
20,1,1,0.25044816545,0.9121077935,1,0.30000000000000004,1
21,0,1,0.25044816545,0.93847545545,0,0.30000000000000004,1
22,0,1,0.175313715815,0.93847545545,0,0.30000000000000004,1
23,1,1,0.12271960107049998,0.93847545545,1,0.30000000000000004,1
24,1,1,0.12271960107049998,0.956932818815,1,0.30000000000000004,1
25,1,0,0.12271960107049998,0.9698529731705,0,0.30000000000000004,1
26,0,0,0.12271960107049998,0.67889708121935,1,0.30000000000000004,1
27,1,1,0.3859037207493501,0.67889708121935,1,0.30000000000000004,1
28,1,1,0.3859037207493501,0.775227956853545,1,0.30000000000000004,1
29,1,0,0.3859037207493501,0.8426595697974815,0,0.30000000000000004,1
30,0,0,0.3859037207493501,0.589861698858237,0,0.30000000000000004,1
1,1,1,0.5,0.5,1,0.4,1
2,0,1,0.5,0.7,0,0.4,1
3,1,1,0.3,0.7,1,0.4,1
4,1,1,0.3,0.82,1,0.4,1
5,0,0,0.3,0.892,1,0.4,1
6,0,0,0.58,0.892,1,0.4,1
7,0,1,0.748,0.892,0,0.4,1
8,1,1,0.4488,0.892,1,0.4,1
9,1,1,0.4488,0.9352,1,0.4,1
10,1,0,0.4488,0.96112,0,0.4,1
11,0,1,0.4488,0.576672,0,0.4,1
12,0,0,0.26927999999999996,0.576672,1,0.4,1
13,1,1,0.5615680000000001,0.576672,1,0.4,1
14,1,0,0.5615680000000001,0.7460032,0,0.4,1
15,0,0,0.5615680000000001,0.44760192,1,0.4,1
16,0,1,0.7369408000000001,0.44760192,0,0.4,1
17,1,1,0.44216448,0.44760192,1,0.4,1
18,1,1,0.44216448,0.668561152,1,0.4,1
19,0,1,0.44216448,0.8011366912,0,0.4,1
20,1,1,0.265298688,0.8011366912,1,0.4,1
21,0,1,0.265298688,0.88068201472,0,0.4,1
22,1,1,0.1591792128,0.88068201472,1,0.4,1
23,1,1,0.1591792128,0.928409208832,1,0.4,1
24,1,1,0.1591792128,0.9570455252992,1,0.4,1
25,1,1,0.1591792128,0.97422731517952,1,0.4,1
26,0,1,0.1591792128,0.984536389107712,0,0.4,1
27,0,1,0.09550752768,0.984536389107712,0,0.4,1
28,1,1,0.057304516608,0.984536389107712,1,0.4,1
29,1,1,0.057304516608,0.9907218334646272,1,0.4,1
30,1,0,0.057304516608,0.9944331000787763,1,0.4,1
1,0,1,0.5,0.5,0,0.5,1
2,1,0,0.25,0.5,0,0.5,1
3,0,1,0.25,0.25,0,0.5,1
4,1,0,0.125,0.25,0,0.5,1
5,0,0,0.125,0.125,1,0.5,1
6,1,1,0.5625,0.125,1,0.5,1
7,0,1,0.5625,0.5625,0,0.5,1
8,1,1,0.28125,0.5625,1,0.5,1
9,1,1,0.28125,0.78125,1,0.5,1
10,1,0,0.28125,0.890625,0,0.5,1
11,1,1,0.28125,0.4453125,1,0.5,1
12,1,1,0.28125,0.72265625,1,0.5,1
13,1,1,0.28125,0.861328125,1,0.5,1
14,1,0,0.28125,0.9306640625,0,0.5,1
15,1,1,0.28125,0.46533203125,1,0.5,1
16,1,1,0.28125,0.732666015625,1,0.5,1
17,1,1,0.28125,0.8663330078125,1,0.5,1
18,0,1,0.28125,0.93316650390625,0,0.5,1
19,1,1,0.140625,0.93316650390625,1,0.5,1
20,0,0,0.140625,0.966583251953125,1,0.5,1
21,1,0,0.5703125,0.966583251953125,0,0.5,1
22,0,0,0.5703125,0.4832916259765625,1,0.5,1
23,1,1,0.78515625,0.4832916259765625,1,0.5,1
24,1,1,0.78515625,0.74164581298828125,1,0.5,1
25,1,1,0.78515625,0.8708229064941406,1,0.5,1
26,1,1,0.78515625,0.9354114532470703,1,0.5,1
27,0,1,0.78515625,0.9677057266235352,0,0.5,1
28,0,1,0.392578125,0.9677057266235352,0,0.5,1
29,1,0,0.1962890625,0.9677057266235352,0,0.5,1
30,1,1,0.1962890625,0.4838528633117676,0,0.5,1
1,1,0,0.5,0.5,0,0.6000000000000001,1
2,0,1,0.5,0.19999999999999996,0,0.6000000000000001,1
3,1,1,0.19999999999999996,0.19999999999999996,1,0.6000000000000001,1
4,0,1,0.19999999999999996,0.68,0,0.6000000000000001,1
5,1,1,0.07999999999999996,0.68,1,0.6000000000000001,1
6,0,1,0.07999999999999996,0.8720000000000001,0,0.6000000000000001,1
7,1,1,0.03199999999999998,0.8720000000000001,1,0.6000000000000001,1
8,1,1,0.03199999999999998,0.9488000000000001,1,0.6000000000000001,1
9,1,0,0.03199999999999998,0.9795200000000001,0,0.6000000000000001,1
10,1,1,0.03199999999999998,0.39180799999999993,1,0.6000000000000001,1
11,1,1,0.03199999999999998,0.7567232,1,0.6000000000000001,1
12,0,1,0.03199999999999998,0.90268928,0,0.6000000000000001,1
13,1,1,0.012799999999999988,0.90268928,1,0.6000000000000001,1
14,0,1,0.012799999999999988,0.961075712,0,0.6000000000000001,1
15,1,1,0.005119999999999994,0.961075712,1,0.6000000000000001,1
16,1,1,0.005119999999999994,0.9844302847999999,1,0.6000000000000001,1
17,0,1,0.005119999999999994,0.99377211392,0,0.6000000000000001,1
18,1,1,0.0020479999999999973,0.99377211392,1,0.6000000000000001,1
19,1,0,0.0020479999999999973,0.997508845568,0,0.6000000000000001,1
20,0,1,0.0020479999999999973,0.3990035382271999,0,0.6000000000000001,1
21,1,1,8.191999999999987e-4,0.3990035382271999,1,0.6000000000000001,1
22,1,1,8.191999999999987e-4,0.7596014152908801,1,0.6000000000000001,1
23,1,1,8.191999999999987e-4,0.903840566116352,1,0.6000000000000001,1
24,1,1,8.191999999999987e-4,0.9615362264465408,1,0.6000000000000001,1
25,0,1,8.191999999999987e-4,0.9846144905786163,0,0.6000000000000001,1
26,1,0,3.2767999999999936e-4,0.9846144905786163,0,0.6000000000000001,1
27,1,1,3.2767999999999936e-4,0.39384579623144644,1,0.6000000000000001,1
28,1,1,3.2767999999999936e-4,0.7575383184925786,1,0.6000000000000001,1
29,1,1,3.2767999999999936e-4,0.9030153273970314,1,0.6000000000000001,1
30,1,1,3.2767999999999936e-4,0.9612061309588126,1,0.6000000000000001,1
1,1,1,0.5,0.5,1,0.7000000000000001,1
2,0,1,0.5,0.8500000000000001,0,0.7000000000000001,1
3,1,1,0.14999999999999997,0.8500000000000001,1,0.7000000000000001,1
4,1,0,0.14999999999999997,0.9550000000000001,0,0.7000000000000001,1
5,1,0,0.14999999999999997,0.2865,0,0.7000000000000001,1
6,1,1,0.14999999999999997,0.08594999999999997,1,0.7000000000000001,1
7,0,1,0.14999999999999997,0.725785,0,0.7000000000000001,1
8,1,1,0.044999999999999984,0.725785,1,0.7000000000000001,1
9,0,1,0.044999999999999984,0.9177355,0,0.7000000000000001,1
10,0,1,0.013499999999999991,0.9177355,0,0.7000000000000001,1
11,1,1,0.004049999999999996,0.9177355,1,0.7000000000000001,1
12,1,1,0.004049999999999996,0.97532065,1,0.7000000000000001,1
13,0,0,0.004049999999999996,0.992596195,1,0.7000000000000001,1
14,1,1,0.701215,0.992596195,1,0.7000000000000001,1
15,1,1,0.701215,0.9977788585,1,0.7000000000000001,1
16,0,1,0.701215,0.99933365755,0,0.7000000000000001,1
17,1,1,0.21036449999999995,0.99933365755,1,0.7000000000000001,1
18,1,1,0.21036449999999995,0.999800097265,1,0.7000000000000001,1
19,1,1,0.21036449999999995,0.9999400291795,1,0.7000000000000001,1
20,1,1,0.21036449999999995,0.99998200875385,1,0.7000000000000001,1
21,1,0,0.21036449999999995,0.999994602626155,0,0.7000000000000001,1
22,0,1,0.21036449999999995,0.29999838078784646,0,0.7000000000000001,1
23,1,0,0.06310934999999998,0.29999838078784646,0,0.7000000000000001,1
24,1,0,0.06310934999999998,0.08999951423635391,0,0.7000000000000001,1
25,1,1,0.06310934999999998,0.026999854270906162,1,0.7000000000000001,1
26,1,1,0.06310934999999998,0.7080999562812719,1,0.7000000000000001,1
27,1,1,0.06310934999999998,0.9124299868843816,1,0.7000000000000001,1
28,1,1,0.06310934999999998,0.9737289960653145,1,0.7000000000000001,1
29,1,0,0.06310934999999998,0.9921186988195944,0,0.7000000000000001,1
30,0,0,0.06310934999999998,0.2976356096458782,0,0.7000000000000001,1
1,0,1,0.5,0.5,0,0.8,1
2,0,0,0.09999999999999998,0.5,1,0.8,1
3,0,1,0.8200000000000001,0.5,0,0.8,1
4,0,1,0.16399999999999992,0.5,0,0.8,1
5,0,0,0.03279999999999997,0.5,1,0.8,1
6,0,1,0.80656,0.5,0,0.8,1
7,0,1,0.161312,0.5,0,0.8,1
8,0,1,0.0322624,0.5,0,0.8,1
9,1,1,0.0064524799999999966,0.5,1,0.8,1
10,1,1,0.0064524799999999966,0.9,1,0.8,1
11,1,1,0.0064524799999999966,0.98,1,0.8,1
12,0,1,0.0064524799999999966,0.996,0,0.8,1
13,0,1,0.0012904959999999986,0.996,0,0.8,1
14,0,0,2.5809919999999977e-4,0.996,1,0.8,1
15,1,1,0.8000516198400001,0.996,1,0.8,1
16,0,1,0.8000516198400001,0.9992,0,0.8,1
17,1,1,0.16001032396799997,0.9992,1,0.8,1
18,1,1,0.16001032396799997,0.99984,1,0.8,1
19,0,1,0.16001032396799997,0.999968,0,0.8,1
20,1,1,0.03200206479359999,0.999968,1,0.8,1
21,1,1,0.03200206479359999,0.9999936,1,0.8,1
22,0,1,0.03200206479359999,0.99999872,0,0.8,1
23,1,1,0.006400412958719997,0.99999872,1,0.8,1
24,1,0,0.006400412958719997,0.999999744,0,0.8,1
25,0,0,0.006400412958719997,0.19999994879999994,1,0.8,1
26,0,1,0.801280082591744,0.19999994879999994,0,0.8,1
27,1,0,0.16025601651834875,0.19999994879999994,0,0.8,1
28,0,0,0.16025601651834875,0.039999989759999965,1,0.8,1
29,1,0,0.8320512033036698,0.039999989759999965,0,0.8,1
30,0,0,0.8320512033036698,0.007999997951999994,0,0.8,1
1,0,0,0.5,0.5,1,0.9,1
2,0,0,0.95,0.5,1,0.9,1
3,0,0,0.995,0.5,1,0.9,1
4,1,0,0.9995,0.5,0,0.9,1
5,0,1,0.9995,0.04999999999999999,0,0.9,1
6,1,1,0.09994999999999998,0.04999999999999999,1,0.9,1
7,1,0,0.09994999999999998,0.905,0,0.9,1
8,1,0,0.09994999999999998,0.09050000000000002,0,0.9,1
9,0,1,0.09994999999999998,0.009050000000000002,0,0.9,1
10,1,1,0.00999499999999999,0.009050000000000002,1,0.9,1
11,1,0,0.00999499999999999,0.9009050000000001,0,0.9,1
12,0,1,0.00999499999999999,0.09009049999999996,0,0.9,1
13,1,1,9.994999999999987e-4,0.09009049999999996,1,0.9,1
14,1,1,9.994999999999987e-4,0.90900905,1,0.9,1
15,0,0,9.994999999999987e-4,0.9909009049999999,1,0.9,1
16,1,1,0.90009995,0.9909009049999999,1,0.9,1
17,1,1,0.90009995,0.9990900905,1,0.9,1
18,0,0,0.90009995,0.99990900905,1,0.9,1
19,1,1,0.990009995,0.99990900905,1,0.9,1
20,1,0,0.990009995,0.999990900905,0,0.9,1
21,1,1,0.990009995,0.09999909009050001,1,0.9,1
22,1,1,0.990009995,0.90999990900905,1,0.9,1
23,0,0,0.990009995,0.990999990900905,1,0.9,1
24,1,1,0.9990009995,0.990999990900905,1,0.9,1
25,0,1,0.9990009995,0.9990999990900905,0,0.9,1
26,1,1,0.09990009994999993,0.9990999990900905,1,0.9,1
27,1,1,0.09990009994999993,0.9999099999090091,1,0.9,1
28,0,1,0.09990009994999993,0.9999909999909009,0,0.9,1
29,1,1,0.009990009994999993,0.9999909999909009,1,0.9,1
30,0,1,0.009990009994999993,0.9999990999990901,1,0.9,1
1,0,1,0.5,0.5,0,1,1
2,1,1,0,0.5,1,1,1
3,0,1,0,1,0,1,1
4,0,0,0,1,1,1,1
5,0,1,1,1,0,1,1
6,1,1,0,1,1,1,1
7,1,1,0,1,1,1,1
8,1,0,0,1,0,1,1
9,1,1,0,0,1,1,1
10,0,0,0,1,1,1,1
11,0,1,1,1,0,1,1
12,0,1,0,1,0,1,1
13,1,0,0,1,0,1,1
14,0,0,0,0,1,1,1
15,1,1,1,0,1,1,1
16,1,0,1,1,0,1,1
17,0,0,1,0,1,1,1
18,0,1,1,0,0,1,1
19,0,0,0,0,1,1,1
20,0,0,1,0,1,1,1
21,0,0,1,0,1,1,1
22,1,0,1,0,0,1,1
23,0,0,1,0,1,1,1
24,1,1,1,0,1,1,1
25,0,1,1,1,0,1,1
26,1,1,0,1,1,1,1
27,1,1,0,1,1,1,1
28,0,1,0,1,0,1,1
29,1,0,0,1,0,1,1
30,0,1,0,0,0,1,1
1,1,0,0.5,0.5,0,0,5
2,0,1,0.5,0.5,0,0,5
3,1,1,0.5,0.5,1,0,5
4,0,1,0.5,0.5,0,0,5
5,0,1,0.5,0.5,0,0,5
6,0,0,0.5,0.5,1,0,5
7,1,1,0.5,0.5,1,0,5
8,0,1,0.5,0.5,0,0,5
9,0,1,0.5,0.5,0,0,5
10,0,1,0.5,0.5,0,0,5
11,1,0,0.5,0.5,0,0,5
12,1,1,0.5,0.5,1,0,5
13,0,1,0.5,0.5,0,0,5
14,1,1,0.5,0.5,1,0,5
15,0,0,0.5,0.5,1,0,5
16,1,1,0.5,0.5,1,0,5
17,0,1,0.5,0.5,0,0,5
18,0,1,0.5,0.5,0,0,5
19,0,0,0.5,0.5,1,0,5
20,0,1,0.5,0.5,0,0,5
21,1,1,0.5,0.5,1,0,5
22,1,1,0.5,0.5,1,0,5
23,0,1,0.5,0.5,0,0,5
24,1,1,0.5,0.5,1,0,5
25,0,1,0.5,0.5,0,0,5
26,0,0,0.5,0.5,1,0,5
27,0,0,0.5,0.5,1,0,5
28,1,1,0.5,0.5,1,0,5
29,0,1,0.5,0.5,0,0,5
30,1,1,0.5,0.5,0,0,5
1,0,0,0.5,0.5,1,0.1,5
2,0,1,0.55,0.5,0,0.1,5
3,1,0,0.49500000000000005,0.5,0,0.1,5
4,0,1,0.49500000000000005,0.45,0,0.1,5
5,1,1,0.44550000000000006,0.45,1,0.1,5
6,1,1,0.44550000000000006,0.505,1,0.1,5
7,1,0,0.44550000000000006,0.5545,0,0.1,5
8,0,1,0.44550000000000006,0.49905,0,0.1,5
9,0,0,0.40095000000000003,0.49905,1,0.1,5
10,0,1,0.460855,0.49905,0,0.1,5
11,0,1,0.4147695,0.49905,0,0.1,5
12,0,0,0.37329255,0.49905,1,0.1,5
13,1,0,0.43596329500000003,0.49905,0,0.1,5
14,0,1,0.43596329500000003,0.449145,0,0.1,5
15,0,0,0.39236696550000005,0.449145,1,0.1,5
16,1,0,0.4531302689500001,0.449145,0,0.1,5
17,1,1,0.4531302689500001,0.4042305,1,0.1,5
18,1,0,0.4531302689500001,0.46380745,0,0.1,5
19,0,0,0.4531302689500001,0.417426705,1,0.1,5
20,0,0,0.5078172420550001,0.417426705,1,0.1,5
21,0,1,0.5570355178495001,0.417426705,0,0.1,5
22,0,1,0.5013319660645501,0.417426705,0,0.1,5
23,0,1,0.4511987694580951,0.417426705,0,0.1,5
24,1,0,0.40607889251228557,0.417426705,0,0.1,5
25,0,1,0.40607889251228557,0.3756840345,0,0.1,5
26,1,0,0.365471003261057,0.3756840345,0,0.1,5
27,1,1,0.365471003261057,0.33811563105,1,0.1,5
28,1,1,0.365471003261057,0.40430406794499996,1,0.1,5
29,0,1,0.365471003261057,0.4638736611505,0,0.1,5
30,0,0,0.32892390293495133,0.4638736611505,0,0.1,5
1,0,1,0.5,0.5,0,0.2,5
2,1,0,0.4,0.5,0,0.2,5
3,1,0,0.4,0.4,0,0.2,5
4,1,1,0.4,0.32,1,0.2,5
5,0,0,0.4,0.45599999999999996,1,0.2,5
6,0,1,0.52,0.45599999999999996,0,0.2,5
7,1,0,0.41600000000000004,0.45599999999999996,0,0.2,5
8,0,1,0.41600000000000004,0.36479999999999996,0,0.2,5
9,1,1,0.33280000000000004,0.36479999999999996,1,0.2,5
10,0,1,0.33280000000000004,0.49183999999999994,0,0.2,5
11,1,1,0.26624000000000003,0.49183999999999994,1,0.2,5
12,0,1,0.26624000000000003,0.593472,0,0.2,5
13,0,1,0.21299200000000001,0.593472,0,0.2,5
14,1,1,0.1703936,0.593472,1,0.2,5
15,1,1,0.1703936,0.6747776,1,0.2,5
16,1,1,0.1703936,0.7398220799999999,1,0.2,5
17,1,1,0.1703936,0.7918576639999999,1,0.2,5
18,0,0,0.1703936,0.8334861311999999,1,0.2,5
19,1,1,0.33631488,0.8334861311999999,1,0.2,5
20,1,1,0.33631488,0.8667889049599999,1,0.2,5
21,1,1,0.33631488,0.893431123968,1,0.2,5
22,1,1,0.33631488,0.9147448991743999,1,0.2,5
23,1,1,0.33631488,0.93179591933952,1,0.2,5
24,1,1,0.33631488,0.945436735471616,1,0.2,5
25,1,1,0.33631488,0.9563493883772928,1,0.2,5
26,1,0,0.33631488,0.9650795107018342,0,0.2,5
27,1,1,0.33631488,0.7720636085614674,1,0.2,5
28,1,1,0.33631488,0.8176508868491739,1,0.2,5
29,1,0,0.33631488,0.854120709479339,0,0.2,5
30,1,1,0.33631488,0.6832965675834712,0,0.2,5
1,0,1,0.5,0.5,0,0.30000000000000004,5
2,1,0,0.35,0.5,0,0.30000000000000004,5
3,1,1,0.35,0.35,1,0.30000000000000004,5
4,1,0,0.35,0.545,0,0.30000000000000004,5
5,0,1,0.35,0.3815,0,0.30000000000000004,5
6,1,1,0.24499999999999997,0.3815,1,0.30000000000000004,5
7,1,0,0.24499999999999997,0.56705,0,0.30000000000000004,5
8,0,1,0.24499999999999997,0.39693500000000004,0,0.30000000000000004,5
9,0,0,0.17149999999999999,0.39693500000000004,1,0.30000000000000004,5
10,1,1,0.42005000000000003,0.39693500000000004,1,0.30000000000000004,5
11,1,1,0.42005000000000003,0.5778545,1,0.30000000000000004,5
12,1,0,0.42005000000000003,0.70449815,0,0.30000000000000004,5
13,0,0,0.42005000000000003,0.49314870499999997,1,0.30000000000000004,5
14,1,0,0.5940350000000001,0.49314870499999997,0,0.30000000000000004,5
15,0,0,0.5940350000000001,0.3452040934999999,1,0.30000000000000004,5
16,0,1,0.7158245000000001,0.3452040934999999,0,0.30000000000000004,5
17,0,0,0.50107715,0.3452040934999999,1,0.30000000000000004,5
18,0,1,0.650754005,0.3452040934999999,0,0.30000000000000004,5
19,1,1,0.4555278035,0.3452040934999999,1,0.30000000000000004,5
20,1,1,0.4555278035,0.54164286545,1,0.30000000000000004,5
21,1,0,0.4555278035,0.679150005815,0,0.30000000000000004,5
22,1,0,0.4555278035,0.4754050040704999,0,0.30000000000000004,5
23,1,1,0.4555278035,0.3327835028493499,1,0.30000000000000004,5
24,0,0,0.4555278035,0.5329484519945449,1,0.30000000000000004,5
25,1,1,0.61886946245,0.5329484519945449,1,0.30000000000000004,5
26,1,0,0.61886946245,0.6730639163961815,0,0.30000000000000004,5
27,0,1,0.61886946245,0.471144741477327,0,0.30000000000000004,5
28,0,1,0.4332086237149999,0.471144741477327,0,0.30000000000000004,5
29,0,0,0.3032460366004999,0.471144741477327,1,0.30000000000000004,5
30,1,1,0.51227222562035,0.471144741477327,1,0.30000000000000004,5
1,1,1,0.5,0.5,1,0.4,5
2,1,0,0.5,0.7,0,0.4,5
3,0,1,0.5,0.42,0,0.4,5
4,1,1,0.3,0.42,1,0.4,5
5,1,1,0.3,0.652,1,0.4,5
6,1,1,0.3,0.7912,1,0.4,5
7,0,0,0.3,0.87472,1,0.4,5
8,0,1,0.58,0.87472,0,0.4,5
9,1,0,0.348,0.87472,0,0.4,5
10,1,0,0.348,0.524832,0,0.4,5
11,1,1,0.348,0.31489919999999993,1,0.4,5
12,1,0,0.348,0.58893952,0,0.4,5
13,1,0,0.348,0.35336371200000005,0,0.4,5
14,0,1,0.348,0.21201822720000002,0,0.4,5
15,0,1,0.20879999999999999,0.21201822720000002,0,0.4,5
16,0,1,0.12528,0.21201822720000002,0,0.4,5
17,0,0,0.075168,0.21201822720000002,1,0.4,5
18,0,0,0.4451008,0.21201822720000002,1,0.4,5
19,0,1,0.66706048,0.21201822720000002,0,0.4,5
20,0,0,0.40023628799999994,0.21201822720000002,1,0.4,5
21,0,0,0.6401417728000001,0.21201822720000002,1,0.4,5
22,0,1,0.7840850636800001,0.21201822720000002,0,0.4,5
23,0,1,0.47045103820800005,0.21201822720000002,0,0.4,5
24,0,1,0.2822706229248,0.21201822720000002,0,0.4,5
25,0,0,0.16936237375488,0.21201822720000002,1,0.4,5
26,0,0,0.5016174242529281,0.21201822720000002,1,0.4,5
27,1,1,0.7009704545517569,0.21201822720000002,1,0.4,5
28,1,1,0.7009704545517569,0.52721093632,1,0.4,5
29,0,0,0.7009704545517569,0.716326561792,1,0.4,5
30,0,1,0.8205822727310541,0.716326561792,1,0.4,5
1,0,1,0.5,0.5,0,0.5,5
2,1,1,0.25,0.5,1,0.5,5
3,1,1,0.25,0.75,1,0.5,5
4,0,1,0.25,0.875,0,0.5,5
5,1,1,0.125,0.875,1,0.5,5
6,1,1,0.125,0.9375,1,0.5,5
7,1,1,0.125,0.96875,1,0.5,5
8,0,1,0.125,0.984375,0,0.5,5
9,1,0,0.0625,0.984375,0,0.5,5
10,1,1,0.0625,0.4921875,1,0.5,5
11,1,0,0.0625,0.74609375,0,0.5,5
12,1,1,0.0625,0.373046875,1,0.5,5
13,1,0,0.0625,0.6865234375,0,0.5,5
14,1,1,0.0625,0.34326171875,1,0.5,5
15,1,1,0.0625,0.671630859375,1,0.5,5
16,1,1,0.0625,0.8358154296875,1,0.5,5
17,1,1,0.0625,0.91790771484375,1,0.5,5
18,1,1,0.0625,0.958953857421875,1,0.5,5
19,1,1,0.0625,0.9794769287109375,1,0.5,5
20,1,1,0.0625,0.98973846435546875,1,0.5,5
21,1,1,0.0625,0.9948692321777344,1,0.5,5
22,1,1,0.0625,0.9974346160888672,1,0.5,5
23,1,1,0.0625,0.9987173080444336,1,0.5,5
24,1,1,0.0625,0.9993586540222168,1,0.5,5
25,1,1,0.0625,0.9996793270111084,1,0.5,5
26,1,0,0.0625,0.9998396635055542,0,0.5,5
27,1,1,0.0625,0.4999198317527771,1,0.5,5
28,1,1,0.0625,0.7499599158763885,1,0.5,5
29,1,1,0.0625,0.8749799579381943,1,0.5,5
30,1,0,0.0625,0.9374899789690971,1,0.5,5
1,1,1,0.5,0.5,1,0.6000000000000001,5
2,1,1,0.5,0.8,1,0.6000000000000001,5
3,1,1,0.5,0.92,1,0.6000000000000001,5
4,1,1,0.5,0.968,1,0.6000000000000001,5
5,1,0,0.5,0.9872,0,0.6000000000000001,5
6,0,1,0.5,0.3948799999999999,0,0.6000000000000001,5
7,1,0,0.19999999999999996,0.3948799999999999,0,0.6000000000000001,5
8,1,1,0.19999999999999996,0.15795199999999993,1,0.6000000000000001,5
9,1,1,0.19999999999999996,0.6631808000000001,1,0.6000000000000001,5
10,1,1,0.19999999999999996,0.8652723200000001,1,0.6000000000000001,5
11,1,0,0.19999999999999996,0.946108928,0,0.6000000000000001,5
12,0,0,0.19999999999999996,0.37844357119999994,1,0.6000000000000001,5
13,0,1,0.68,0.37844357119999994,0,0.6000000000000001,5
14,1,0,0.27199999999999996,0.37844357119999994,0,0.6000000000000001,5
15,1,1,0.27199999999999996,0.15137742847999994,1,0.6000000000000001,5
16,0,1,0.27199999999999996,0.660550971392,0,0.6000000000000001,5
17,1,1,0.10879999999999995,0.660550971392,1,0.6000000000000001,5
18,1,0,0.10879999999999995,0.8642203885568001,0,0.6000000000000001,5
19,1,0,0.10879999999999995,0.3456881554227199,0,0.6000000000000001,5
20,0,1,0.10879999999999995,0.13827526216908792,0,0.6000000000000001,5
21,0,1,0.043519999999999975,0.13827526216908792,0,0.6000000000000001,5
22,0,1,0.017407999999999986,0.13827526216908792,0,0.6000000000000001,5
23,1,1,0.006963199999999992,0.13827526216908792,1,0.6000000000000001,5
24,1,0,0.006963199999999992,0.6553101048676352,0,0.6000000000000001,5
25,1,0,0.006963199999999992,0.262124041947054,0,0.6000000000000001,5
26,1,1,0.006963199999999992,0.1048496167788216,1,0.6000000000000001,5
27,1,0,0.006963199999999992,0.6419398467115287,0,0.6000000000000001,5
28,1,1,0.006963199999999992,0.2567759386846114,1,0.6000000000000001,5
29,1,1,0.006963199999999992,0.7027103754738446,1,0.6000000000000001,5
30,1,1,0.006963199999999992,0.8810841501895379,1,0.6000000000000001,5
1,1,1,0.5,0.5,1,0.7000000000000001,5
2,0,1,0.5,0.8500000000000001,0,0.7000000000000001,5
3,1,0,0.14999999999999997,0.8500000000000001,0,0.7000000000000001,5
4,0,1,0.14999999999999997,0.255,0,0.7000000000000001,5
5,0,1,0.044999999999999984,0.255,0,0.7000000000000001,5
6,1,1,0.013499999999999991,0.255,1,0.7000000000000001,5
7,1,0,0.013499999999999991,0.7765000000000001,0,0.7000000000000001,5
8,1,1,0.013499999999999991,0.23295,1,0.7000000000000001,5
9,1,1,0.013499999999999991,0.769885,1,0.7000000000000001,5
10,1,1,0.013499999999999991,0.9309655,1,0.7000000000000001,5
11,1,1,0.013499999999999991,0.97928965,1,0.7000000000000001,5
12,1,1,0.013499999999999991,0.9937868950000001,1,0.7000000000000001,5
13,1,1,0.013499999999999991,0.9981360685,1,0.7000000000000001,5
14,1,1,0.013499999999999991,0.99944082055,1,0.7000000000000001,5
15,1,1,0.013499999999999991,0.999832246165,1,0.7000000000000001,5
16,1,1,0.013499999999999991,0.9999496738495,1,0.7000000000000001,5
17,1,1,0.013499999999999991,0.99998490215485,1,0.7000000000000001,5
18,1,1,0.013499999999999991,0.999995470646455,1,0.7000000000000001,5
19,1,1,0.013499999999999991,0.9999986411939366,1,0.7000000000000001,5
20,1,1,0.013499999999999991,0.9999995923581809,1,0.7000000000000001,5
21,1,1,0.013499999999999991,0.9999998777074542,1,0.7000000000000001,5
22,1,1,0.013499999999999991,0.9999999633122363,1,0.7000000000000001,5
23,1,1,0.013499999999999991,0.9999999889936709,1,0.7000000000000001,5
24,1,1,0.013499999999999991,0.9999999966981012,1,0.7000000000000001,5
25,1,1,0.013499999999999991,0.9999999990094304,1,0.7000000000000001,5
26,1,0,0.013499999999999991,0.9999999997028292,0,0.7000000000000001,5
27,0,1,0.013499999999999991,0.2999999999108487,0,0.7000000000000001,5
28,1,1,0.004049999999999996,0.2999999999108487,1,0.7000000000000001,5
29,1,1,0.004049999999999996,0.7899999999732547,1,0.7000000000000001,5
30,1,0,0.004049999999999996,0.9369999999919765,1,0.7000000000000001,5
1,1,0,0.5,0.5,0,0.8,5
2,0,0,0.5,0.09999999999999998,1,0.8,5
3,0,1,0.9,0.09999999999999998,0,0.8,5
4,0,1,0.17999999999999994,0.09999999999999998,0,0.8,5
5,1,1,0.035999999999999976,0.09999999999999998,1,0.8,5
6,1,1,0.035999999999999976,0.8200000000000001,1,0.8,5
7,1,1,0.035999999999999976,0.964,1,0.8,5
8,1,0,0.035999999999999976,0.9928,0,0.8,5
9,1,1,0.035999999999999976,0.19855999999999996,1,0.8,5
10,1,0,0.035999999999999976,0.839712,0,0.8,5
11,0,1,0.035999999999999976,0.16794239999999994,0,0.8,5
12,1,1,0.007199999999999995,0.16794239999999994,1,0.8,5
13,1,1,0.007199999999999995,0.8335884800000001,1,0.8,5
14,1,1,0.007199999999999995,0.966717696,1,0.8,5
15,1,1,0.007199999999999995,0.9933435392,1,0.8,5
16,1,0,0.007199999999999995,0.99866870784,0,0.8,5
17,1,1,0.007199999999999995,0.19973374156799995,1,0.8,5
18,1,1,0.007199999999999995,0.8399467483136001,1,0.8,5
19,1,1,0.007199999999999995,0.96798934966272,1,0.8,5
20,1,1,0.007199999999999995,0.993597869932544,1,0.8,5
21,1,1,0.007199999999999995,0.9987195739865088,1,0.8,5
22,1,1,0.007199999999999995,0.9997439147973017,1,0.8,5
23,1,0,0.007199999999999995,0.9999487829594603,0,0.8,5
24,1,1,0.007199999999999995,0.199989756591892,1,0.8,5
25,1,0,0.007199999999999995,0.8399979513183784,0,0.8,5
26,1,0,0.007199999999999995,0.1679995902636756,0,0.8,5
27,0,1,0.007199999999999995,0.03359991805273513,0,0.8,5
28,1,0,0.0014399999999999986,0.03359991805273513,0,0.8,5
29,0,1,0.0014399999999999986,0.006719983610547025,0,0.8,5
30,1,1,2.8799999999999963e-4,0.006719983610547025,0,0.8,5
1,0,1,0.5,0.5,0,0.9,5
2,1,0,0.04999999999999999,0.5,0,0.9,5
3,1,0,0.04999999999999999,0.04999999999999999,0,0.9,5
4,1,1,0.04999999999999999,0.0049999999999999975,1,0.9,5
5,1,1,0.04999999999999999,0.9005,1,0.9,5
6,1,1,0.04999999999999999,0.99005,1,0.9,5
7,1,1,0.04999999999999999,0.999005,1,0.9,5
8,1,0,0.04999999999999999,0.9999005,0,0.9,5
9,0,1,0.04999999999999999,0.09999004999999994,0,0.9,5
10,1,1,0.0049999999999999975,0.09999004999999994,1,0.9,5
11,1,0,0.0049999999999999975,0.909999005,0,0.9,5
12,1,1,0.0049999999999999975,0.09099990049999995,1,0.9,5
13,1,0,0.0049999999999999975,0.90909999005,0,0.9,5
14,0,1,0.0049999999999999975,0.09090999900499996,0,0.9,5
15,0,1,4.999999999999996e-4,0.09090999900499996,0,0.9,5
16,1,1,4.999999999999997e-5,0.09090999900499996,1,0.9,5
17,1,1,4.999999999999997e-5,0.9090909999005,1,0.9,5
18,1,0,4.999999999999997e-5,0.9909090999900501,0,0.9,5
19,1,1,4.999999999999997e-5,0.09909090999900494,1,0.9,5
20,1,1,4.999999999999997e-5,0.9099090909999005,1,0.9,5
21,1,1,4.999999999999997e-5,0.99099090909999,1,0.9,5
22,1,1,4.999999999999997e-5,0.999099090909999,1,0.9,5
23,1,1,4.999999999999997e-5,0.9999099090909999,1,0.9,5
24,1,1,4.999999999999997e-5,0.9999909909091,1,0.9,5
25,1,0,4.999999999999997e-5,0.99999909909091,0,0.9,5
26,0,1,4.999999999999997e-5,0.09999990990909102,0,0.9,5
27,1,1,4.999999999999993e-6,0.09999990990909102,1,0.9,5
28,1,1,4.999999999999993e-6,0.9099999909909091,1,0.9,5
29,1,1,4.999999999999993e-6,0.9909999990990909,1,0.9,5
30,1,1,4.999999999999993e-6,0.999099999909909,1,0.9,5
1,1,0,0.5,0.5,0,1,5
2,0,1,0.5,0,0,1,5
3,0,0,0,0,1,1,5
4,0,1,1,0,0,1,5
5,1,1,0,0,1,1,5
6,1,1,0,1,1,1,5
7,1,1,0,1,1,1,5
8,1,1,0,1,1,1,5
9,1,1,0,1,1,1,5
10,1,1,0,1,1,1,5
11,1,1,0,1,1,1,5
12,1,1,0,1,1,1,5
13,1,1,0,1,1,1,5
14,1,1,0,1,1,1,5
15,1,0,0,1,0,1,5
16,0,1,0,0,0,1,5
17,1,0,0,0,0,1,5
18,1,0,0,0,0,1,5
19,1,1,0,0,1,1,5
20,1,1,0,1,1,1,5
21,1,1,0,1,1,1,5
22,1,0,0,1,0,1,5
23,0,1,0,0,0,1,5
24,0,1,0,0,0,1,5
25,1,1,0,0,1,1,5
26,1,0,0,1,0,1,5
27,1,0,0,0,0,1,5
28,1,1,0,0,1,1,5
29,1,1,0,1,1,1,5
30,1,0,0,1,1,1,5
1,1,0,0.5,0.5,0,0,10
2,1,1,0.5,0.5,1,0,10
3,1,1,0.5,0.5,1,0,10
4,0,0,0.5,0.5,1,0,10
5,1,1,0.5,0.5,1,0,10
6,0,0,0.5,0.5,1,0,10
7,1,1,0.5,0.5,1,0,10
8,1,1,0.5,0.5,1,0,10
9,0,1,0.5,0.5,0,0,10
10,1,0,0.5,0.5,0,0,10
11,0,1,0.5,0.5,0,0,10
12,0,0,0.5,0.5,1,0,10
13,1,1,0.5,0.5,1,0,10
14,1,1,0.5,0.5,1,0,10
15,1,0,0.5,0.5,0,0,10
16,1,1,0.5,0.5,1,0,10
17,0,1,0.5,0.5,0,0,10
18,0,0,0.5,0.5,1,0,10
19,0,1,0.5,0.5,0,0,10
20,0,1,0.5,0.5,0,0,10
21,1,0,0.5,0.5,0,0,10
22,0,0,0.5,0.5,1,0,10
23,0,1,0.5,0.5,0,0,10
24,0,1,0.5,0.5,0,0,10
25,1,1,0.5,0.5,1,0,10
26,0,1,0.5,0.5,0,0,10
27,1,0,0.5,0.5,0,0,10
28,0,0,0.5,0.5,1,0,10
29,0,1,0.5,0.5,0,0,10
30,0,1,0.5,0.5,0,0,10
1,0,1,0.5,0.5,0,0.1,10
2,1,1,0.45,0.5,1,0.1,10
3,1,0,0.45,0.55,0,0.1,10
4,1,1,0.45,0.49500000000000005,1,0.1,10
5,1,1,0.45,0.5455000000000001,1,0.1,10
6,1,0,0.45,0.5909500000000001,0,0.1,10
7,1,0,0.45,0.5318550000000001,0,0.1,10
8,1,0,0.45,0.4786695000000001,0,0.1,10
9,0,1,0.45,0.43080255000000006,0,0.1,10
10,0,1,0.405,0.43080255000000006,0,0.1,10
11,1,0,0.36450000000000005,0.43080255000000006,0,0.1,10
12,1,0,0.36450000000000005,0.38772229500000005,0,0.1,10
13,1,0,0.36450000000000005,0.3489500655000001,0,0.1,10
14,0,1,0.36450000000000005,0.3140550589500001,0,0.1,10
15,0,1,0.32805000000000006,0.3140550589500001,0,0.1,10
16,1,1,0.29524500000000004,0.3140550589500001,1,0.1,10
17,1,1,0.29524500000000004,0.3826495530550001,1,0.1,10
18,0,1,0.29524500000000004,0.4443845977495001,0,0.1,10
19,1,0,0.2657205,0.4443845977495001,0,0.1,10
20,0,1,0.2657205,0.3999461379745501,0,0.1,10
21,1,0,0.23914845,0.3999461379745501,0,0.1,10
22,1,0,0.23914845,0.3599515241770951,0,0.1,10
23,1,1,0.23914845,0.3239563717593856,1,0.1,10
24,1,0,0.23914845,0.39156073458344703,0,0.1,10
25,1,1,0.23914845,0.3524046611251023,1,0.1,10
26,1,1,0.23914845,0.4171641950125921,1,0.1,10
27,1,1,0.23914845,0.4754477755113329,1,0.1,10
28,1,1,0.23914845,0.5279029979601996,1,0.1,10
29,1,0,0.23914845,0.5751126981641796,0,0.1,10
30,1,1,0.23914845,0.5176014283477617,0,0.1,10
1,0,1,0.5,0.5,0,0.2,10
2,1,1,0.4,0.5,1,0.2,10
3,1,1,0.4,0.6,1,0.2,10
4,1,0,0.4,0.6799999999999999,0,0.2,10
5,1,1,0.4,0.5439999999999999,1,0.2,10
6,1,1,0.4,0.6352,1,0.2,10
7,1,0,0.4,0.70816,0,0.2,10
8,1,1,0.4,0.566528,1,0.2,10
9,1,0,0.4,0.6532224,0,0.2,10
10,1,0,0.4,0.52257792,0,0.2,10
11,1,1,0.4,0.41806233600000003,1,0.2,10
12,1,0,0.4,0.5344498688,0,0.2,10
13,0,1,0.4,0.42755989504,0,0.2,10
14,0,1,0.32,0.42755989504,0,0.2,10
15,1,1,0.256,0.42755989504,1,0.2,10
16,1,1,0.256,0.542047916032,1,0.2,10
17,0,0,0.256,0.6336383328256,1,0.2,10
18,1,1,0.40480000000000005,0.6336383328256,1,0.2,10
19,1,1,0.40480000000000005,0.70691066626048,1,0.2,10
20,1,1,0.40480000000000005,0.7655285330083841,1,0.2,10
21,1,0,0.40480000000000005,0.8124228264067073,0,0.2,10
22,1,0,0.40480000000000005,0.6499382611253658,0,0.2,10
23,1,0,0.40480000000000005,0.5199506089002927,0,0.2,10
24,1,0,0.40480000000000005,0.41596048712023415,0,0.2,10
25,1,1,0.40480000000000005,0.33276838969618733,1,0.2,10
26,1,0,0.40480000000000005,0.46621471175694984,0,0.2,10
27,1,1,0.40480000000000005,0.37297176940555987,1,0.2,10
28,1,1,0.40480000000000005,0.4983774155244479,1,0.2,10
29,1,1,0.40480000000000005,0.5987019324195584,1,0.2,10
30,1,1,0.40480000000000005,0.6789615459356467,1,0.2,10
1,1,1,0.5,0.5,1,0.30000000000000004,10
2,1,1,0.5,0.65,1,0.30000000000000004,10
3,1,1,0.5,0.755,1,0.30000000000000004,10
4,1,1,0.5,0.8285,1,0.30000000000000004,10
5,1,0,0.5,0.87995,0,0.30000000000000004,10
6,1,1,0.5,0.615965,1,0.30000000000000004,10
7,1,1,0.5,0.7311755,1,0.30000000000000004,10
8,1,0,0.5,0.81182285,0,0.30000000000000004,10
9,0,1,0.5,0.5682759949999999,0,0.30000000000000004,10
10,1,1,0.35,0.5682759949999999,1,0.30000000000000004,10
11,1,0,0.35,0.6977931964999999,0,0.30000000000000004,10
12,0,1,0.35,0.4884552375499999,0,0.30000000000000004,10
13,1,1,0.24499999999999997,0.4884552375499999,1,0.30000000000000004,10
14,1,1,0.24499999999999997,0.6419186662849999,1,0.30000000000000004,10
15,1,1,0.24499999999999997,0.7493430663995,1,0.30000000000000004,10
16,1,1,0.24499999999999997,0.82454014647965,1,0.30000000000000004,10
17,1,0,0.24499999999999997,0.877178102535755,0,0.30000000000000004,10
18,1,0,0.24499999999999997,0.6140246717750284,0,0.30000000000000004,10
19,1,1,0.24499999999999997,0.4298172702425198,1,0.30000000000000004,10
20,1,1,0.24499999999999997,0.6008720891697639,1,0.30000000000000004,10
21,1,0,0.24499999999999997,0.7206104624188348,0,0.30000000000000004,10
22,1,1,0.24499999999999997,0.5044273236931843,1,0.30000000000000004,10
23,1,0,0.24499999999999997,0.6530991265852291,0,0.30000000000000004,10
24,1,1,0.24499999999999997,0.4571693886096603,1,0.30000000000000004,10
25,1,1,0.24499999999999997,0.6200185720267622,1,0.30000000000000004,10
26,1,0,0.24499999999999997,0.7340130004187336,0,0.30000000000000004,10
27,1,1,0.24499999999999997,0.5138091002931136,1,0.30000000000000004,10
28,1,1,0.24499999999999997,0.6596663702051795,1,0.30000000000000004,10
29,1,0,0.24499999999999997,0.7617664591436256,0,0.30000000000000004,10
30,1,1,0.24499999999999997,0.5332365214005379,0,0.30000000000000004,10
1,0,0,0.5,0.5,1,0.4,10
2,0,1,0.7,0.5,0,0.4,10
3,1,0,0.42,0.5,0,0.4,10
4,0,1,0.42,0.3,0,0.4,10
5,0,1,0.252,0.3,0,0.4,10
6,1,1,0.1512,0.3,1,0.4,10
7,1,1,0.1512,0.58,1,0.4,10
8,1,1,0.1512,0.748,1,0.4,10
9,1,0,0.1512,0.8488,0,0.4,10
10,1,1,0.1512,0.50928,1,0.4,10
11,1,0,0.1512,0.705568,0,0.4,10
12,1,0,0.1512,0.42334079999999996,0,0.4,10
13,0,1,0.1512,0.25400448,0,0.4,10
14,1,0,0.09072,0.25400448,0,0.4,10
15,1,1,0.09072,0.15240268799999998,1,0.4,10
16,1,1,0.09072,0.4914416128,1,0.4,10
17,1,1,0.09072,0.6948649676800001,1,0.4,10
18,1,0,0.09072,0.8169189806080001,0,0.4,10
19,1,0,0.09072,0.4901513883648,0,0.4,10
20,1,0,0.09072,0.29409083301887995,0,0.4,10
21,1,0,0.09072,0.17645449981132796,0,0.4,10
22,1,1,0.09072,0.10587269988679678,1,0.4,10
23,1,1,0.09072,0.4635236199320781,1,0.4,10
24,1,1,0.09072,0.678114171959247,1,0.4,10
25,1,0,0.09072,0.8068685031755481,0,0.4,10
26,1,1,0.09072,0.48412110190532887,1,0.4,10
27,1,1,0.09072,0.6904726611431973,1,0.4,10
28,1,0,0.09072,0.8142835966859183,0,0.4,10
29,1,1,0.09072,0.48857015801155096,1,0.4,10
30,1,1,0.09072,0.6931420948069307,1,0.4,10
1,0,0,0.5,0.5,1,0.5,10
2,0,1,0.75,0.5,0,0.5,10
3,1,1,0.375,0.5,1,0.5,10
4,1,0,0.375,0.75,0,0.5,10
5,0,0,0.375,0.375,1,0.5,10
6,0,1,0.6875,0.375,0,0.5,10
7,1,1,0.34375,0.375,1,0.5,10
8,1,0,0.34375,0.6875,0,0.5,10
9,1,0,0.34375,0.34375,0,0.5,10
10,0,1,0.34375,0.171875,0,0.5,10
11,1,0,0.171875,0.171875,0,0.5,10
12,0,0,0.171875,0.0859375,1,0.5,10
13,0,0,0.5859375,0.0859375,1,0.5,10
14,0,0,0.79296875,0.0859375,1,0.5,10
15,0,0,0.896484375,0.0859375,1,0.5,10
16,0,1,0.9482421875,0.0859375,0,0.5,10
17,0,0,0.47412109375,0.0859375,1,0.5,10
18,0,0,0.737060546875,0.0859375,1,0.5,10
19,0,1,0.8685302734375,0.0859375,0,0.5,10
20,0,0,0.43426513671875,0.0859375,1,0.5,10
21,0,1,0.717132568359375,0.0859375,0,0.5,10
22,0,1,0.3585662841796875,0.0859375,0,0.5,10
23,0,0,0.17928314208984375,0.0859375,1,0.5,10
24,0,1,0.5896415710449219,0.0859375,0,0.5,10
25,0,1,0.29482078552246094,0.0859375,0,0.5,10
26,0,0,0.14741039276123047,0.0859375,1,0.5,10
27,0,1,0.5737051963806152,0.0859375,0,0.5,10
28,0,1,0.2868525981903076,0.0859375,0,0.5,10
29,1,1,0.1434262990951538,0.0859375,1,0.5,10
30,1,1,0.1434262990951538,0.54296875,1,0.5,10
1,1,1,0.5,0.5,1,0.6000000000000001,10
2,1,1,0.5,0.8,1,0.6000000000000001,10
3,1,1,0.5,0.92,1,0.6000000000000001,10
4,1,0,0.5,0.968,0,0.6000000000000001,10
5,0,1,0.5,0.3871999999999999,0,0.6000000000000001,10
6,1,1,0.19999999999999996,0.3871999999999999,1,0.6000000000000001,10
7,1,0,0.19999999999999996,0.75488,0,0.6000000000000001,10
8,1,1,0.19999999999999996,0.30195199999999994,1,0.6000000000000001,10
9,1,1,0.19999999999999996,0.7207808,1,0.6000000000000001,10
10,1,1,0.19999999999999996,0.88831232,1,0.6000000000000001,10
11,1,1,0.19999999999999996,0.955324928,1,0.6000000000000001,10
12,1,0,0.19999999999999996,0.9821299712,0,0.6000000000000001,10
13,0,1,0.19999999999999996,0.3928519884799999,0,0.6000000000000001,10
14,1,1,0.07999999999999996,0.3928519884799999,1,0.6000000000000001,10
15,1,0,0.07999999999999996,0.757140795392,0,0.6000000000000001,10
16,0,1,0.07999999999999996,0.3028563181567999,0,0.6000000000000001,10
17,1,1,0.03199999999999998,0.3028563181567999,1,0.6000000000000001,10
18,1,1,0.03199999999999998,0.7211425272627201,1,0.6000000000000001,10
19,1,1,0.03199999999999998,0.888457010905088,1,0.6000000000000001,10
20,1,1,0.03199999999999998,0.9553828043620352,1,0.6000000000000001,10
21,1,1,0.03199999999999998,0.9821531217448141,1,0.6000000000000001,10
22,1,1,0.03199999999999998,0.9928612486979256,1,0.6000000000000001,10
23,1,1,0.03199999999999998,0.9971444994791703,1,0.6000000000000001,10
24,1,1,0.03199999999999998,0.9988577997916681,1,0.6000000000000001,10
25,1,1,0.03199999999999998,0.9995431199166672,1,0.6000000000000001,10
26,1,1,0.03199999999999998,0.9998172479666669,1,0.6000000000000001,10
27,1,1,0.03199999999999998,0.9999268991866668,1,0.6000000000000001,10
28,1,0,0.03199999999999998,0.9999707596746668,0,0.6000000000000001,10
29,1,1,0.03199999999999998,0.3999883038698666,1,0.6000000000000001,10
30,1,1,0.03199999999999998,0.7599953215479467,1,0.6000000000000001,10
1,0,1,0.5,0.5,0,0.7000000000000001,10
2,1,1,0.14999999999999997,0.5,1,0.7000000000000001,10
3,1,1,0.14999999999999997,0.8500000000000001,1,0.7000000000000001,10
4,1,1,0.14999999999999997,0.9550000000000001,1,0.7000000000000001,10
5,1,0,0.14999999999999997,0.9865,0,0.7000000000000001,10
6,1,1,0.14999999999999997,0.29594999999999994,1,0.7000000000000001,10
7,1,1,0.14999999999999997,0.7887850000000001,1,0.7000000000000001,10
8,1,0,0.14999999999999997,0.9366355000000001,0,0.7000000000000001,10
9,1,0,0.14999999999999997,0.28099065,0,0.7000000000000001,10
10,0,1,0.14999999999999997,0.08429719499999999,0,0.7000000000000001,10
11,1,1,0.044999999999999984,0.08429719499999999,1,0.7000000000000001,10
12,1,0,0.044999999999999984,0.7252891585000001,0,0.7000000000000001,10
13,0,1,0.044999999999999984,0.21758674754999996,0,0.7000000000000001,10
14,1,1,0.013499999999999991,0.21758674754999996,1,0.7000000000000001,10
15,1,1,0.013499999999999991,0.7652760242650001,1,0.7000000000000001,10
16,1,1,0.013499999999999991,0.9295828072795,1,0.7000000000000001,10
17,1,0,0.013499999999999991,0.97887484218385,0,0.7000000000000001,10
18,1,1,0.013499999999999991,0.2936624526551549,1,0.7000000000000001,10
19,1,0,0.013499999999999991,0.7880987357965465,0,0.7000000000000001,10
20,1,1,0.013499999999999991,0.2364296207389639,1,0.7000000000000001,10
21,1,0,0.013499999999999991,0.7709288862216892,0,0.7000000000000001,10
22,1,0,0.013499999999999991,0.2312786658665067,0,0.7000000000000001,10
23,1,1,0.013499999999999991,0.06938359975995198,1,0.7000000000000001,10
24,1,0,0.013499999999999991,0.7208150799279857,0,0.7000000000000001,10
25,1,0,0.013499999999999991,0.21624452397839566,0,0.7000000000000001,10
26,1,1,0.013499999999999991,0.0648733571935187,1,0.7000000000000001,10
27,1,0,0.013499999999999991,0.7194620071580556,0,0.7000000000000001,10
28,1,1,0.013499999999999991,0.21583860214741668,1,0.7000000000000001,10
29,1,1,0.013499999999999991,0.7647515806442251,1,0.7000000000000001,10
30,1,1,0.013499999999999991,0.9294254741932675,1,0.7000000000000001,10
1,1,1,0.5,0.5,1,0.8,10
2,1,1,0.5,0.9,1,0.8,10
3,1,1,0.5,0.98,1,0.8,10
4,1,1,0.5,0.996,1,0.8,10
5,1,1,0.5,0.9992,1,0.8,10
6,1,1,0.5,0.99984,1,0.8,10
7,1,1,0.5,0.999968,1,0.8,10
8,1,1,0.5,0.9999936,1,0.8,10
9,1,1,0.5,0.99999872,1,0.8,10
10,1,1,0.5,0.999999744,1,0.8,10
11,1,0,0.5,0.9999999488,0,0.8,10
12,0,1,0.5,0.19999998976,0,0.8,10
13,0,1,0.09999999999999998,0.19999998976,0,0.8,10
14,1,0,0.01999999999999999,0.19999998976,0,0.8,10
15,1,1,0.01999999999999999,0.03999999795199999,1,0.8,10
16,1,0,0.01999999999999999,0.8079999995903999,0,0.8,10
17,1,1,0.01999999999999999,0.16159999991807994,1,0.8,10
18,1,1,0.01999999999999999,0.832319999983616,1,0.8,10
19,1,1,0.01999999999999999,0.9664639999967233,1,0.8,10
20,1,1,0.01999999999999999,0.9932927999993446,1,0.8,10
21,1,1,0.01999999999999999,0.998658559999869,1,0.8,10
22,1,0,0.01999999999999999,0.9997317119999738,0,0.8,10
23,1,1,0.01999999999999999,0.19994634239999476,1,0.8,10
24,1,1,0.01999999999999999,0.839989268479999,1,0.8,10
25,1,1,0.01999999999999999,0.9679978536959998,1,0.8,10
26,1,1,0.01999999999999999,0.9935995707391999,1,0.8,10
27,1,0,0.01999999999999999,0.99871991414784,0,0.8,10
28,1,1,0.01999999999999999,0.19974398282956796,1,0.8,10
29,1,0,0.01999999999999999,0.8399487965659136,0,0.8,10
30,0,1,0.01999999999999999,0.16798975931318272,0,0.8,10
1,1,1,0.5,0.5,1,0.9,10
2,1,1,0.5,0.95,1,0.9,10
3,0,1,0.5,0.995,0,0.9,10
4,1,0,0.04999999999999999,0.995,0,0.9,10
5,0,1,0.04999999999999999,0.09950000000000003,0,0.9,10
6,1,0,0.0049999999999999975,0.09950000000000003,0,0.9,10
7,1,1,0.0049999999999999975,0.00995,1,0.9,10
8,1,1,0.0049999999999999975,0.900995,1,0.9,10
9,1,1,0.0049999999999999975,0.9900995,1,0.9,10
10,1,1,0.0049999999999999975,0.99900995,1,0.9,10
11,1,0,0.0049999999999999975,0.999900995,0,0.9,10
12,0,0,0.0049999999999999975,0.09999009949999993,1,0.9,10
13,0,0,0.9005,0.09999009949999993,1,0.9,10
14,0,1,0.99005,0.09999009949999993,0,0.9,10
15,1,1,0.09900500000000001,0.09999009949999993,1,0.9,10
16,1,0,0.09900500000000001,0.90999900995,0,0.9,10
17,1,1,0.09900500000000001,0.090999900995,1,0.9,10
18,1,0,0.09900500000000001,0.9090999900995,0,0.9,10
19,1,1,0.09900500000000001,0.09090999900995,1,0.9,10
20,1,0,0.09900500000000001,0.9090909999009951,0,0.9,10
21,1,1,0.09900500000000001,0.09090909999009944,1,0.9,10
22,1,1,0.09900500000000001,0.90909090999901,1,0.9,10
23,1,1,0.09900500000000001,0.990909090999901,1,0.9,10
24,1,1,0.09900500000000001,0.9990909090999901,1,0.9,10
25,1,1,0.09900500000000001,0.999909090909999,1,0.9,10
26,1,1,0.09900500000000001,0.9999909090909999,1,0.9,10
27,1,1,0.09900500000000001,0.9999990909091,1,0.9,10
28,1,1,0.09900500000000001,0.99999990909091,1,0.9,10
29,1,1,0.09900500000000001,0.999999990909091,1,0.9,10
30,1,0,0.09900500000000001,0.9999999990909091,1,0.9,10
1,1,0,0.5,0.5,0,1,10
2,0,1,0.5,0,0,1,10
3,1,1,0,0,1,1,10
4,1,1,0,1,1,1,10
5,1,1,0,1,1,1,10
6,1,1,0,1,1,1,10
7,1,1,0,1,1,1,10
8,1,1,0,1,1,1,10
9,1,1,0,1,1,1,10
10,1,1,0,1,1,1,10
11,1,0,0,1,0,1,10
12,0,1,0,0,0,1,10
13,1,1,0,0,1,1,10
14,1,1,0,1,1,1,10
15,1,1,0,1,1,1,10
16,1,1,0,1,1,1,10
17,1,1,0,1,1,1,10
18,1,0,0,1,0,1,10
19,0,1,0,0,0,1,10
20,0,1,0,0,0,1,10
21,1,1,0,0,1,1,10
22,1,1,0,1,1,1,10
23,1,1,0,1,1,1,10
24,1,0,0,1,0,1,10
25,1,0,0,0,0,1,10
26,1,1,0,0,1,1,10
27,1,1,0,1,1,1,10
28,1,0,0,1,0,1,10
29,1,1,0,0,1,1,10
30,1,1,0,1,1,1,10
1,0,0,0.5,0.5,1,0,15
2,0,0,0.5,0.5,1,0,15
3,1,1,0.5,0.5,1,0,15
4,1,1,0.5,0.5,1,0,15
5,1,1,0.5,0.5,1,0,15
6,1,0,0.5,0.5,0,0,15
7,1,0,0.5,0.5,0,0,15
8,0,0,0.5,0.5,1,0,15
9,0,1,0.5,0.5,0,0,15
10,1,1,0.5,0.5,1,0,15
11,1,0,0.5,0.5,0,0,15
12,1,1,0.5,0.5,1,0,15
13,0,1,0.5,0.5,0,0,15
14,0,0,0.5,0.5,1,0,15
15,1,1,0.5,0.5,1,0,15
16,0,0,0.5,0.5,1,0,15
17,1,1,0.5,0.5,1,0,15
18,0,0,0.5,0.5,1,0,15
19,1,1,0.5,0.5,1,0,15
20,1,1,0.5,0.5,1,0,15
21,0,0,0.5,0.5,1,0,15
22,0,1,0.5,0.5,0,0,15
23,1,1,0.5,0.5,1,0,15
24,1,1,0.5,0.5,1,0,15
25,1,0,0.5,0.5,0,0,15
26,1,0,0.5,0.5,0,0,15
27,1,1,0.5,0.5,1,0,15
28,1,1,0.5,0.5,1,0,15
29,1,1,0.5,0.5,1,0,15
30,1,1,0.5,0.5,1,0,15
1,1,1,0.5,0.5,1,0.1,15
2,1,0,0.5,0.55,0,0.1,15
3,0,1,0.5,0.49500000000000005,0,0.1,15
4,1,1,0.45,0.49500000000000005,1,0.1,15
5,1,1,0.45,0.5455000000000001,1,0.1,15
6,1,1,0.45,0.5909500000000001,1,0.1,15
7,1,1,0.45,0.63185500000000006,1,0.1,15
8,1,1,0.45,0.6686695,1,0.1,15
9,1,1,0.45,0.70180255,1,0.1,15
10,1,0,0.45,0.731622295,0,0.1,15
11,1,1,0.45,0.6584600655,1,0.1,15
12,1,1,0.45,0.69261405895000006,1,0.1,15
13,1,0,0.45,0.7233526530550001,0,0.1,15
14,1,1,0.45,0.6510173877495,1,0.1,15
15,1,1,0.45,0.68591564897455,1,0.1,15
16,1,1,0.45,0.717324084077095,1,0.1,15
17,1,1,0.45,0.7455916756693856,1,0.1,15
18,1,1,0.45,0.771032508102447,1,0.1,15
19,1,0,0.45,0.7939292572922022,0,0.1,15
20,1,0,0.45,0.714536331562982,0,0.1,15
21,1,1,0.45,0.6430826984066839,1,0.1,15
22,1,1,0.45,0.6787744285660154,1,0.1,15
23,1,1,0.45,0.7108969857094138,1,0.1,15
24,1,1,0.45,0.7398072871384724,1,0.1,15
25,1,1,0.45,0.7658265584246252,1,0.1,15
26,1,1,0.45,0.7892439025821627,1,0.1,15
27,1,1,0.45,0.8103195123239464,1,0.1,15
28,1,1,0.45,0.8292875610915518,1,0.1,15
29,1,1,0.45,0.8463588049823966,1,0.1,15
30,1,1,0.45,0.8617229244841569,1,0.1,15
1,1,0,0.5,0.5,0,0.2,15
2,0,1,0.5,0.4,0,0.2,15
3,0,1,0.4,0.4,0,0.2,15
4,0,1,0.32,0.4,0,0.2,15
5,1,0,0.256,0.4,0,0.2,15
6,0,0,0.256,0.32,1,0.2,15
7,0,1,0.40480000000000005,0.32,0,0.2,15
8,0,0,0.32384,0.32,1,0.2,15
9,0,0,0.45907200000000004,0.32,1,0.2,15
10,1,0,0.5672576,0.32,0,0.2,15
11,0,1,0.5672576,0.256,0,0.2,15
12,0,0,0.45380608,0.256,1,0.2,15
13,0,0,0.563044864,0.256,1,0.2,15
14,0,1,0.6504358912,0.256,0,0.2,15
15,0,1,0.52034871296,0.256,0,0.2,15
16,0,0,0.416278970368,0.256,1,0.2,15
17,0,1,0.5330231762944,0.256,0,0.2,15
18,0,1,0.42641854103552,0.256,0,0.2,15
19,0,1,0.341134832828416,0.256,0,0.2,15
20,0,1,0.2729078662627328,0.256,0,0.2,15
21,0,1,0.21832629301018622,0.256,0,0.2,15
22,1,1,0.17466103440814898,0.256,1,0.2,15
23,1,1,0.17466103440814898,0.40480000000000005,1,0.2,15
24,1,1,0.17466103440814898,0.5238400000000001,1,0.2,15
25,1,1,0.17466103440814898,0.6190720000000001,1,0.2,15
26,1,1,0.17466103440814898,0.6952576,1,0.2,15
27,1,0,0.17466103440814898,0.75620608,0,0.2,15
28,1,1,0.17466103440814898,0.604964864,1,0.2,15
29,1,0,0.17466103440814898,0.6839718912,0,0.2,15
30,1,0,0.17466103440814898,0.5471775129600001,0,0.2,15
1,1,1,0.5,0.5,1,0.30000000000000004,15
2,1,1,0.5,0.65,1,0.30000000000000004,15
3,1,0,0.5,0.755,0,0.30000000000000004,15
4,1,0,0.5,0.5285,0,0.30000000000000004,15
5,0,1,0.5,0.36994999999999995,0,0.30000000000000004,15
6,1,0,0.35,0.36994999999999995,0,0.30000000000000004,15
7,0,1,0.35,0.25896499999999995,0,0.30000000000000004,15
8,1,0,0.24499999999999997,0.25896499999999995,0,0.30000000000000004,15
9,0,1,0.24499999999999997,0.18127549999999995,0,0.30000000000000004,15
10,1,1,0.17149999999999999,0.18127549999999995,1,0.30000000000000004,15
11,1,1,0.17149999999999999,0.42689285,1,0.30000000000000004,15
12,1,0,0.17149999999999999,0.598824995,0,0.30000000000000004,15
13,1,0,0.17149999999999999,0.4191774964999999,0,0.30000000000000004,15
14,1,1,0.17149999999999999,0.29342424754999996,1,0.30000000000000004,15
15,1,1,0.17149999999999999,0.505396973285,1,0.30000000000000004,15
16,1,1,0.17149999999999999,0.6537778812995,1,0.30000000000000004,15
17,1,1,0.17149999999999999,0.75764451690965,1,0.30000000000000004,15
18,1,1,0.17149999999999999,0.830351161836755,1,0.30000000000000004,15
19,1,1,0.17149999999999999,0.8812458132857285,1,0.30000000000000004,15
20,1,1,0.17149999999999999,0.91687206930001,1,0.30000000000000004,15
21,1,1,0.17149999999999999,0.941810448510007,1,0.30000000000000004,15
22,1,1,0.17149999999999999,0.9592673139570048,1,0.30000000000000004,15
23,1,1,0.17149999999999999,0.9714871197699034,1,0.30000000000000004,15
24,1,1,0.17149999999999999,0.9800409838389325,1,0.30000000000000004,15
25,1,1,0.17149999999999999,0.9860286886872527,1,0.30000000000000004,15
26,1,0,0.17149999999999999,0.9902200820810769,0,0.30000000000000004,15
27,1,0,0.17149999999999999,0.6931540574567538,0,0.30000000000000004,15
28,1,1,0.17149999999999999,0.4852078402197276,1,0.30000000000000004,15
29,1,1,0.17149999999999999,0.6396454881538094,1,0.30000000000000004,15
30,1,1,0.17149999999999999,0.7477518417076666,1,0.30000000000000004,15
1,1,0,0.5,0.5,0,0.4,15
2,0,1,0.5,0.3,0,0.4,15
3,1,0,0.3,0.3,0,0.4,15
4,0,1,0.3,0.18,0,0.4,15
5,1,0,0.18,0.18,0,0.4,15
6,1,1,0.18,0.108,1,0.4,15
7,1,1,0.18,0.4648,1,0.4,15
8,1,0,0.18,0.67888,0,0.4,15
9,1,1,0.18,0.407328,1,0.4,15
10,1,1,0.18,0.6443968,1,0.4,15
11,1,1,0.18,0.78663808,1,0.4,15
12,1,1,0.18,0.871982848,1,0.4,15
13,1,0,0.18,0.9231897088000001,0,0.4,15
14,1,1,0.18,0.55391382528,1,0.4,15
15,1,1,0.18,0.732348295168,1,0.4,15
16,1,1,0.18,0.8394089771008,1,0.4,15
17,1,0,0.18,0.90364538626048,0,0.4,15
18,1,1,0.18,0.5421872317562879,1,0.4,15
19,1,0,0.18,0.7253123390537728,0,0.4,15
20,0,1,0.18,0.43518740343226364,0,0.4,15
21,1,1,0.108,0.43518740343226364,1,0.4,15
22,1,0,0.108,0.6611124420593582,0,0.4,15
23,0,1,0.108,0.39666746523561486,0,0.4,15
24,1,0,0.0648,0.39666746523561486,0,0.4,15
25,1,1,0.0648,0.2380004791413689,1,0.4,15
26,1,1,0.0648,0.5428002874848213,1,0.4,15
27,1,1,0.0648,0.7256801724908928,1,0.4,15
28,1,1,0.0648,0.8354081034945356,1,0.4,15
29,1,1,0.0648,0.9012448620967214,1,0.4,15
30,1,1,0.0648,0.9407469172580328,1,0.4,15
1,1,0,0.5,0.5,0,0.5,15
2,0,1,0.5,0.25,0,0.5,15
3,1,1,0.25,0.25,1,0.5,15
4,1,1,0.25,0.625,1,0.5,15
5,1,1,0.25,0.8125,1,0.5,15
6,1,0,0.25,0.90625,0,0.5,15
7,1,0,0.25,0.453125,0,0.5,15
8,1,0,0.25,0.2265625,0,0.5,15
9,0,0,0.25,0.11328125,1,0.5,15
10,0,0,0.625,0.11328125,1,0.5,15
11,0,1,0.8125,0.11328125,0,0.5,15
12,0,1,0.40625,0.11328125,0,0.5,15
13,0,0,0.203125,0.11328125,1,0.5,15
14,0,1,0.6015625,0.11328125,0,0.5,15
15,0,1,0.30078125,0.11328125,0,0.5,15
16,0,1,0.150390625,0.11328125,0,0.5,15
17,1,0,0.0751953125,0.11328125,0,0.5,15
18,0,0,0.0751953125,0.056640625,1,0.5,15
19,0,1,0.53759765625,0.056640625,0,0.5,15
20,0,1,0.268798828125,0.056640625,0,0.5,15
21,0,0,0.1343994140625,0.056640625,1,0.5,15
22,0,0,0.56719970703125,0.056640625,1,0.5,15
23,0,1,0.783599853515625,0.056640625,0,0.5,15
24,0,0,0.3917999267578125,0.056640625,1,0.5,15
25,0,1,0.69589996337890625,0.056640625,0,0.5,15
26,0,1,0.3479499816894531,0.056640625,0,0.5,15
27,0,1,0.17397499084472656,0.056640625,0,0.5,15
28,1,1,0.08698749542236328,0.056640625,1,0.5,15
29,1,1,0.08698749542236328,0.5283203125,1,0.5,15
30,1,0,0.08698749542236328,0.76416015625,1,0.5,15
1,1,1,0.5,0.5,1,0.6000000000000001,15
2,1,1,0.5,0.8,1,0.6000000000000001,15
3,1,1,0.5,0.92,1,0.6000000000000001,15
4,1,1,0.5,0.968,1,0.6000000000000001,15
5,1,1,0.5,0.9872,1,0.6000000000000001,15
6,1,1,0.5,0.99488,1,0.6000000000000001,15
7,1,1,0.5,0.997952,1,0.6000000000000001,15
8,1,1,0.5,0.9991808,1,0.6000000000000001,15
9,1,0,0.5,0.99967232,0,0.6000000000000001,15
10,0,0,0.5,0.39986892799999985,1,0.6000000000000001,15
11,0,0,0.8,0.39986892799999985,1,0.6000000000000001,15
12,0,1,0.92,0.39986892799999985,0,0.6000000000000001,15
13,1,1,0.3679999999999999,0.39986892799999985,1,0.6000000000000001,15
14,1,1,0.3679999999999999,0.7599475712,1,0.6000000000000001,15
15,1,1,0.3679999999999999,0.90397902848,1,0.6000000000000001,15
16,1,0,0.3679999999999999,0.961591611392,0,0.6000000000000001,15
17,1,1,0.3679999999999999,0.3846366445567999,1,0.6000000000000001,15
18,1,1,0.3679999999999999,0.7538546578227201,1,0.6000000000000001,15
19,1,1,0.3679999999999999,0.9015418631290881,1,0.6000000000000001,15
20,1,1,0.3679999999999999,0.9606167452516352,1,0.6000000000000001,15
21,1,0,0.3679999999999999,0.9842466981006541,0,0.6000000000000001,15
22,1,0,0.3679999999999999,0.3936986792402616,0,0.6000000000000001,15
23,0,1,0.3679999999999999,0.1574794716961046,0,0.6000000000000001,15
24,0,1,0.14719999999999991,0.1574794716961046,0,0.6000000000000001,15
25,0,0,0.058879999999999946,0.1574794716961046,1,0.6000000000000001,15
26,0,0,0.6235520000000001,0.1574794716961046,1,0.6000000000000001,15
27,0,1,0.8494208000000001,0.1574794716961046,0,0.6000000000000001,15
28,0,0,0.33976832,0.1574794716961046,1,0.6000000000000001,15
29,0,1,0.7359073280000001,0.1574794716961046,0,0.6000000000000001,15
30,0,1,0.2943629312,0.1574794716961046,0,0.6000000000000001,15
1,0,1,0.5,0.5,0,0.7000000000000001,15
2,1,0,0.14999999999999997,0.5,0,0.7000000000000001,15
3,1,1,0.14999999999999997,0.14999999999999997,1,0.7000000000000001,15
4,1,1,0.14999999999999997,0.7450000000000001,1,0.7000000000000001,15
5,1,0,0.14999999999999997,0.9235,0,0.7000000000000001,15
6,1,1,0.14999999999999997,0.2770499999999999,1,0.7000000000000001,15
7,1,1,0.14999999999999997,0.783115,1,0.7000000000000001,15
8,1,1,0.14999999999999997,0.9349345,1,0.7000000000000001,15
9,1,1,0.14999999999999997,0.98048035,1,0.7000000000000001,15
10,1,1,0.14999999999999997,0.9941441050000001,1,0.7000000000000001,15
11,1,1,0.14999999999999997,0.9982432315,1,0.7000000000000001,15
12,1,0,0.14999999999999997,0.99947296945,0,0.7000000000000001,15
13,1,1,0.14999999999999997,0.2998418908349999,1,0.7000000000000001,15
14,1,1,0.14999999999999997,0.7899525672505,1,0.7000000000000001,15
15,1,1,0.14999999999999997,0.9369857701751501,1,0.7000000000000001,15
16,1,1,0.14999999999999997,0.981095731052545,1,0.7000000000000001,15
17,1,0,0.14999999999999997,0.9943287193157635,0,0.7000000000000001,15
18,0,1,0.14999999999999997,0.29829861579472894,0,0.7000000000000001,15
19,1,0,0.044999999999999984,0.29829861579472894,0,0.7000000000000001,15
20,1,0,0.044999999999999984,0.08948958473841867,0,0.7000000000000001,15
21,0,0,0.044999999999999984,0.0268468754215256,1,0.7000000000000001,15
22,0,1,0.7135,0.0268468754215256,0,0.7000000000000001,15
23,0,1,0.21404999999999996,0.0268468754215256,0,0.7000000000000001,15
24,1,1,0.06421499999999997,0.0268468754215256,1,0.7000000000000001,15
25,1,1,0.06421499999999997,0.7080540626264578,1,0.7000000000000001,15
26,1,1,0.06421499999999997,0.9124162187879373,1,0.7000000000000001,15
27,1,0,0.06421499999999997,0.9737248656363812,0,0.7000000000000001,15
28,1,1,0.06421499999999997,0.2921174596909143,1,0.7000000000000001,15
29,1,1,0.06421499999999997,0.7876352379072744,1,0.7000000000000001,15
30,1,1,0.06421499999999997,0.9362905713721823,1,0.7000000000000001,15
1,0,1,0.5,0.5,0,0.8,15
2,1,1,0.09999999999999998,0.5,1,0.8,15
3,1,0,0.09999999999999998,0.9,0,0.8,15
4,1,1,0.09999999999999998,0.17999999999999994,1,0.8,15
5,1,1,0.09999999999999998,0.8360000000000001,1,0.8,15
6,1,1,0.09999999999999998,0.9672000000000001,1,0.8,15
7,1,0,0.09999999999999998,0.99344,0,0.8,15
8,1,1,0.09999999999999998,0.19868799999999998,1,0.8,15
9,1,1,0.09999999999999998,0.8397376000000001,1,0.8,15
10,1,1,0.09999999999999998,0.9679475200000001,1,0.8,15
11,1,1,0.09999999999999998,0.993589504,1,0.8,15
12,1,0,0.09999999999999998,0.9987179008,0,0.8,15
13,0,0,0.09999999999999998,0.19974358015999993,1,0.8,15
14,0,1,0.8200000000000001,0.19974358015999993,0,0.8,15
15,1,1,0.16399999999999992,0.19974358015999993,1,0.8,15
16,1,1,0.16399999999999992,0.839948716032,1,0.8,15
17,1,0,0.16399999999999992,0.9679897432064,0,0.8,15
18,1,0,0.16399999999999992,0.19359794864128,0,0.8,15
19,0,1,0.16399999999999992,0.03871958972825598,0,0.8,15
20,1,1,0.03279999999999997,0.03871958972825598,1,0.8,15
21,1,1,0.03279999999999997,0.8077439179456513,1,0.8,15
22,1,1,0.03279999999999997,0.9615487835891303,1,0.8,15
23,1,1,0.03279999999999997,0.9923097567178261,1,0.8,15
24,1,0,0.03279999999999997,0.9984619513435652,0,0.8,15
25,1,0,0.03279999999999997,0.199692390268713,0,0.8,15
26,1,0,0.03279999999999997,0.03993847805374259,0,0.8,15
27,0,1,0.03279999999999997,0.007987695610748517,0,0.8,15
28,0,1,0.006559999999999993,0.007987695610748517,0,0.8,15
29,0,1,0.001311999999999998,0.007987695610748517,0,0.8,15
30,0,1,2.6239999999999966e-4,0.007987695610748517,0,0.8,15
1,0,1,0.5,0.5,0,0.9,15
2,1,1,0.04999999999999999,0.5,1,0.9,15
3,1,1,0.04999999999999999,0.95,1,0.9,15
4,1,0,0.04999999999999999,0.995,0,0.9,15
5,1,0,0.04999999999999999,0.09950000000000003,0,0.9,15
6,1,1,0.04999999999999999,0.00995,1,0.9,15
7,1,1,0.04999999999999999,0.900995,1,0.9,15
8,1,1,0.04999999999999999,0.9900995,1,0.9,15
9,1,0,0.04999999999999999,0.99900995,0,0.9,15
10,0,1,0.04999999999999999,0.09990099499999994,0,0.9,15
11,1,1,0.0049999999999999975,0.09990099499999994,1,0.9,15
12,1,1,0.0049999999999999975,0.9099900995,1,0.9,15
13,1,0,0.0049999999999999975,0.99099900995,0,0.9,15
14,1,1,0.0049999999999999975,0.09909990099499999,1,0.9,15
15,1,1,0.0049999999999999975,0.9099099900995,1,0.9,15
16,1,1,0.0049999999999999975,0.99099099900995,1,0.9,15
17,1,1,0.0049999999999999975,0.999099099900995,1,0.9,15
18,1,0,0.0049999999999999975,0.9999099099900995,0,0.9,15
19,1,0,0.0049999999999999975,0.09999099099900999,0,0.9,15
20,1,1,0.0049999999999999975,0.009999099099901002,1,0.9,15
21,1,0,0.0049999999999999975,0.9009999099099901,0,0.9,15
22,1,0,0.0049999999999999975,0.09009999099099897,0,0.9,15
23,1,1,0.0049999999999999975,0.0090099990990999,1,0.9,15
24,1,0,0.0049999999999999975,0.90090099990991,0,0.9,15
25,1,1,0.0049999999999999975,0.09009009999099094,1,0.9,15
26,1,1,0.0049999999999999975,0.9090090099990991,1,0.9,15
27,1,0,0.0049999999999999975,0.9909009009999099,0,0.9,15
28,1,1,0.0049999999999999975,0.09909009009999092,1,0.9,15
29,1,0,0.0049999999999999975,0.9099090090099992,0,0.9,15
30,0,1,0.0049999999999999975,0.09099090090099993,0,0.9,15
1,1,0,0.5,0.5,0,1,15
2,0,1,0.5,0,0,1,15
3,0,1,0,0,0,1,15
4,1,1,0,0,1,1,15
5,1,1,0,1,1,1,15
6,1,0,0,1,0,1,15
7,1,0,0,0,0,1,15
8,1,1,0,0,1,1,15
9,1,1,0,1,1,1,15
10,1,1,0,1,1,1,15
11,1,1,0,1,1,1,15
12,1,1,0,1,1,1,15
13,1,1,0,1,1,1,15
14,1,1,0,1,1,1,15
15,1,1,0,1,1,1,15
16,1,0,0,1,0,1,15
17,0,0,0,0,1,1,15
18,0,1,1,0,0,1,15
19,0,0,0,0,1,1,15
20,0,1,1,0,0,1,15
21,1,0,0,0,0,1,15
22,0,0,0,0,1,1,15
23,0,1,1,0,0,1,15
24,0,1,0,0,0,1,15
25,0,1,0,0,0,1,15
26,0,0,0,0,1,1,15
27,0,1,1,0,0,1,15
28,1,1,0,0,1,1,15
29,1,0,0,1,0,1,15
30,0,1,0,0,0,1,15
